MainCode,Description,Color,Size,Unit,OnHand,Price1,Bin#,MainCode2,Price2,Price3,Price4,Price5
AMZN,AMAZON PAYMENT,,,,0,"$13,941.70 ",,,$0.00 ,$0.00 ,$0.00 ,$0.00 
BOX(52*45*48),PACKING BOX,,,,300,$0.00 ,,,$0.00 ,$0.00 ,$0.00 ,$0.00 
DB BARCODE STIC,DB BARCODE STICKER(MM111),,,,1,$0.00 ,,,$0.00 ,$0.00 ,$0.00 ,$0.00 
DB REORDER DZ P,DB REORDER DZ POLYBAG(MM111),,,,2,$0.00 ,,,$0.00 ,$0.00 ,$0.00 ,$0.00 
DB REORDER TAG ,DB REORDER TAG CARD(MM111),,,,1,$0.00 ,,,$0.00 ,$0.00 ,$0.00 ,$0.00 
DB STICKER(MM11,DB STICKER(MM111),,,,1,$0.00 ,,,$0.00 ,$0.00 ,$0.00 ,$0.00 
DP L1,LUX DISPLAY (TOP),,,,0,$0.00 ,,,$0.00 ,$0.00 ,$0.00 ,$0.00 
DP L2,LUX DISPLAY (BOTTOM),,,,0,$0.00 ,,,$0.00 ,$0.00 ,$0.00 ,$0.00 
DP1,MULTI PRODUCTS SET FOR DR1,N/A,N/A,N/A,200,$396.00 ,N/A,,$0.00 ,$396.00 ,$0.00 ,$0.00 
DR1,FLOOR DISPLAY RACK W/ TURNTABLE FOR DP1,N/A,N/A,N/A,0,$0.00 ,N/A,,$0.00 ,$0.00 ,$0.00 ,$0.00 
HOOK,HOOK 0.5*200MM,,,,6000,$0.00 ,,,$0.00 ,$0.00 ,$0.00 ,$0.00 
IN5011,MESH WIG CAP (DOME STYLE) : BLK ,N/A,N/A,N/A,3168,$0.43 ,N/A,,$0.43 ,$0.43 ,$0.43 ,$0.43 
IN5011-3,"MESH WIG CAP (DOME STYLE) : BLK, 3PCS",N/A,N/A,N/A,2204,$1.30 ,N/A,,$1.30 ,$1.30 ,$1.30 ,$1.30 
IN5017,SPANDEX DOME CAP : BLK,N/A,N/A,N/A,936,$0.33 ,N/A,,$0.33 ,$0.33 ,$0.00 ,$0.00 
IN5017-3,"SPANDEX DOME CAP : BLK, 3PCS",N/A,N/A,N/A,864,$1.00 ,N/A,,$1.00 ,$1.00 ,$0.00 ,$0.00 
IN5021-3,"MESH WIG CAP, XL (DOME STYLE) : BLK, 3PCS ",N/A,N/A,N/A,672,$1.35 ,N/A,,$1.35 ,$1.35 ,$1.35 ,$1.35 
K001,DU-RAG : BLACK,BLACK,R,DZ,960,$4.50 ,A1,,$6.00 ,$9.00 ,$0.00 ,$0.00 
K002,DU-RAG : WHITE,WHITE,R,DZ,362,$4.50 ,A1,,$6.00 ,$9.00 ,$0.00 ,$0.00 
K003,DU-RAG : RED,RED,R,DZ,60,$4.50 ,A1,,$6.00 ,$9.00 ,$0.00 ,$0.00 
K004,DU-RAG : BLUE,BLUE,R,DZ,113,$4.50 ,A2,,$6.00 ,$9.00 ,$0.00 ,$0.00 
K005,DU-RAG : ROYAL BLUE,ROYAL,R,DZ,264,$4.50 ,A2,,$6.00 ,$9.00 ,$0.00 ,$0.00 
K006,DU-RAG : SKY,SKY,R,DZ,146,$4.50 ,A2,,$6.00 ,$9.00 ,$0.00 ,$0.00 
K007,DU-RAG : LIGHT GRAY,LIGHT,R,DZ,97,$4.50 ,A2,,$6.00 ,$9.00 ,$0.00 ,$0.00 
K008,DU-RAG : BROWN,BROWN,R,DZ,127,$4.50 ,A3,,$6.00 ,$9.00 ,$0.00 ,$0.00 
K009,DU-RAG : KHAKI,KHAKI,R,DZ,34,$4.50 ,A3,,$6.00 ,$9.00 ,$0.00 ,$0.00 
K010,DU-RAG : YELLOW,YELLOW,R,DZ,52,$4.50 ,A3,,$6.00 ,$9.00 ,$0.00 ,$0.00 
K011,DU-RAG : ORANGE,ORANGE,R,DZ,65,$4.50 ,A3,,$6.00 ,$9.00 ,$0.00 ,$0.00 
K012,DU-RAG : GREEN,GREEN,R,DZ,101,$4.50 ,A4,,$6.00 ,$9.00 ,$0.00 ,$0.00 
K013,DU-RAG : PINK,PINK,R,DZ,123,$4.50 ,A4,,$6.00 ,$9.00 ,$0.00 ,$0.00 
K014,DU-RAG (TWO TONE) : ASSORT,TWO TONE,R,DZ,-2,$4.50 ,A4,,$6.00 ,$9.00 ,$0.00 ,$0.00 
K016,DU-RAG (CENTER) :ASSORT,ASSORT,R,DZ,268,$4.50 ,A4,,$6.00 ,$9.00 ,$0.00 ,$0.00 
K018,DU-RAG : ASSORT,ASSORT,R,DZ,522,$4.50 ,A4,,$6.00 ,$9.00 ,$0.00 ,$0.00 
K030,COOL MESH DU-RAG :ASSORT,ASSORT,R,DZ,183,$6.50 ,A4,,$9.00 ,$13.50 ,$0.00 ,$0.00 
K031,COOL MESH DU-RAG : BLACK,BLACK,R,DZ,451,$6.50 ,A5,,$9.00 ,$13.50 ,$0.00 ,$0.00 
K032,COOL MESH DU-RAG : WHITE,WHITE,R,DZ,0,$6.50 ,A5,,$9.00 ,$13.50 ,$0.00 ,$0.00 
K035,COOL MESH DOME-CAP : ASSORT,ASSORT,R,DZ,175,$6.50 ,A5,,$9.00 ,$13.50 ,$0.00 ,$0.00 
K036,COOL MESH DOME-CAP : BLACK,BLACK,R,DZ,352,$6.50 ,A5,,$9.00 ,$13.50 ,$0.00 ,$0.00 
K037,COOL MESH DOME-CAP : WHITE,WHITE,R,DZ,632,$6.50 ,A6,,$9.00 ,$13.50 ,$0.00 ,$0.00 
K038,STRETCH MESH DOME CAP : BLACK,BLACK,R,DZ,203,$13.50 ,A6,,$18.00 ,$30.00 ,$0.00 ,$0.00 
K050,KID DU-RAG : ASSORT,ASSORT,R,DZ,120,$4.50 ,A6,,$6.00 ,$9.00 ,$0.00 ,$0.00 
K051,KID DU-RAG : BLACK,BLACK,R,DZ,405,$4.50 ,A6,,$6.00 ,$9.00 ,$0.00 ,$0.00 
K052,KID DU-RAG : WHITE,WHITE,R,DZ,0,$4.50 ,A7,,$6.00 ,$9.00 ,$0.00 ,$0.00 
K053,KID DU-RAG (TWO TONE) : ASSORT,TWO TONE,R,DZ,245,$4.50 ,A7,,$6.00 ,$9.00 ,$0.00 ,$0.00 
K058,KID STOCKING CAP : ASSORT,ASSORT,R,DZ,298,$3.50 ,A7,,$5.00 ,$6.00 ,$0.00 ,$0.00 
K059,KID STOCKING CAP : BLACK,BLACK,R,DZ,644,$3.50 ,A7,,$5.00 ,$6.00 ,$0.00 ,$0.00 
K060,STOCKING WAVE-CAP (2 PC) : ASSORT,ASSORT,R,DZ,3074,$3.50 ,A8,,$5.00 ,$6.00 ,$0.00 ,$0.00 
K061,STOCKING WAVE-CAP (2 PC) : BLACK,BLACK,R,DZ,7794,$3.50 ,A8,,$5.00 ,$6.00 ,$0.00 ,$0.00 
K062,STOCKING WAVE-CAP (2 PC) : WHITE,WHITE,R,DZ,1796,$3.50 ,A8,,$5.00 ,$6.00 ,$0.00 ,$0.00 
K063,STOCKING WAVE-CAP (2 PC) : RED,RED,R,DZ,674,$3.50 ,A8,,$5.00 ,$6.00 ,$0.00 ,$0.00 
K064,STOCKING WAVE-CAP (2 PC) : NAVY,NAVY,R,DZ,673,$3.50 ,A9,,$5.00 ,$6.00 ,$0.00 ,$0.00 
K065,STOCKING WAVE-CAP (2 PC) : ROYAL,ROYAL,R,DZ,404,$3.50 ,A9,,$5.00 ,$6.00 ,$0.00 ,$0.00 
K066,STOCKING WAVE-CAP (2 PC) : SKY,SKY,R,DZ,414,$3.50 ,A9,,$5.00 ,$6.00 ,$0.00 ,$0.00 
K067,STOCKING WAVE-CAP (2 PC) : GRAY,GRAY,R,DZ,287,$3.50 ,A9,,$5.00 ,$6.00 ,$0.00 ,$0.00 
K068,STOCKING WAVE-CAP (2 PC) : BROWN,BROWN,R,DZ,448,$3.50 ,A10,,$5.00 ,$6.00 ,$0.00 ,$0.00 
K070,SPANDEX DOME-CAP : ASSORT,ASSORT,R,DZ,674,$9.00 ,A10,,$12.00 ,$15.00 ,$0.00 ,$0.00 
K071,SPANDEX DOME-CAP : BLACK,BLACK,R,DZ,2054,$9.00 ,A10,,$12.00 ,$15.00 ,,
K072,SPANDEX DOME-CAP : WHITE,WHITE,R,DZ,0,$9.00 ,A10,,$12.00 ,$15.00 ,$0.00 ,$0.00 
K075,SPANDEX SKULL-CAP : ASSORT,ASSORTED,R,DZ,408,$8.50 ,A11,,$11.00 ,$15.00 ,,
K076,SPANDEX SKULL-CAP : BLACK,BLACK,R,DZ,613,$8.50 ,A11,,$11.00 ,$15.00 ,,
K077,SPANDEX SKULL-CAP : WHITE,WHITE,R,DZ,0,$8.50 ,N/A,,$11.00 ,$15.00 ,$0.00 ,$0.00 
K080,DREADLOCK WAVE CAP 360 : ASSORT,ASSORT,R,DZ,617,$7.00 ,H11,,$9.00 ,,,
K081,DREADLOCK WAVE CAP 360 : BLACK,BLACK,R,DZ,1269,$7.00 ,H11,,$9.00 ,,,
K082,TIE-DOWN WAVE-CAP : WHITE,WHITE,R,DZ,0,$3.50 ,N/A,,$5.00 ,$6.00 ,$0.00 ,$0.00 
K083,DREADLOCK WAVE CAP : ASSORT,ASSORT,R,DZ,194,$8.50 ,A12,,$12.00 ,$18.00 ,$0.00 ,$0.00 
K084,DREADLOCK WAVE CAP : BLACK,BLACK,R,DZ,1425,$8.50 ,A12,,$12.00 ,$18.00 ,$0.00 ,$0.00 
K085,DREADLOCK WAVE CAP (JUMBO) : ASSORT,ASSORT,J ,DZ,367,$11.00 ,A12,,$15.00 ,$24.00 ,$0.00 ,$0.00 
K086,DREADLOCK WAVE CAP (JUMBO) : BLACK,BLACK,J ,DZ,616,$11.00 ,A12,,$15.00 ,$24.00 ,$0.00 ,$0.00 
K087,DREADLOCK WAVE CAP TUBE: ASSORT,,,,208,$11.00 ,H11,,$15.00 ,$0.00 ,$0.00 ,$0.00 
K088,DREADLOCK WAVE CAP TUBE: BLACK,,,,522,$11.00 ,H11,,$15.00 ,$0.00 ,$0.00 ,$0.00 
K090,PLAY MAKER DU-RAG : ASSORT,ASSORTED,R,DZ,-4,$4.50 ,N/A,,$6.00 ,$9.00 ,$0.00 ,$0.00 
K091,PLAY MAKER DU-RAG : BLACK,BLACK,R,DZ,-4,$4.50 ,N/A,,$6.00 ,$9.00 ,$0.00 ,$0.00 
K092,PLAY MAKER DU-RAG : WHITE,WHITE,R,DZ,0,$4.50 ,N/A,,$6.00 ,$9.00 ,$0.00 ,$0.00 
K096,PLAY MAKER DU-RAG(TWO) : ASSORT,ASSORT,R,DZ,-2,$4.50 ,N/A,,$6.00 ,$9.00 ,$0.00 ,$0.00 
K097,PLAY MAKER DU-RAG(CTR) : ASSORT,ASSORT,R,DZ,-2,$4.50 ,N/A,,$6.00 ,$9.00 ,$0.00 ,$0.00 
K2000,VELVET DURAG : ASSORT,ASST,R,DZ,1295,$22.50 ,K1,,$30.00 ,$40.00 ,$0.00 ,$0.00 
K2001,VELVET DURAG : BLACK,BLACK,R,DZ,1108,$22.50 ,K2,,$30.00 ,$40.00 ,$0.00 ,$0.00 
K2002,VELVET DURAG : WHITE,WHITE,R,DZ,46,$22.50 ,K1,,$30.00 ,$40.00 ,$0.00 ,$0.00 
K2003,VELVET DURAG : RED,RED,R,DZ,312,$22.50 ,K1,,$30.00 ,$40.00 ,$0.00 ,$0.00 
K2004,VELVET DURAG : NAVY,NAVY,R,DZ,183,$22.50 ,K2,,$30.00 ,$40.00 ,$0.00 ,$0.00 
K2005,VELVET DURAG : ROYAL,ROYAL,R,DZ,259,$22.50 ,K2,,$30.00 ,$40.00 ,$0.00 ,$0.00 
K2006,VELVET DURAG : SKY,SKY,R,DZ,224,$22.50 ,K3,,$30.00 ,$40.00 ,$0.00 ,$0.00 
K2007,VELVET DURAG : SILVER,SILVER,R,DZ,189,$22.50 ,K3,,$30.00 ,$40.00 ,$0.00 ,$0.00 
K2008,VELVET DURAG : YELLOW,YELLOW,R,DZ,106,$22.50 ,K3,,$30.00 ,$40.00 ,$0.00 ,$0.00 
K2009,VELVET DURAG : ORANGE,ORANGE,R,DZ,233,$22.50 ,K3,,$30.00 ,$40.00 ,$0.00 ,$0.00 
K201,SPANDEX VISOR DOME CAP : BLACK,BLACK,R,DZ,155,$18.00 ,A12,,$24.00 ,$36.00 ,$0.00 ,$0.00 
K2010,VELVET DURAG : GREEN,GREEN,R,DZ,202,$22.50 ,K4,,$30.00 ,$40.00 ,$0.00 ,$0.00 
K2011,VELVET DURAG : PINK,PINK,R,DZ,146,$22.50 ,K4,,$30.00 ,$40.00 ,$0.00 ,$0.00 
K2012,VELVET DURAG : PURPLE,PURPLE,R,DZ,356,$22.50 ,K4,,$30.00 ,$40.00 ,$0.00 ,$0.00 
K2013,VELVET DURAG : GOLD,GOLD,R,DZ,230,$22.50 ,K4,,$30.00 ,$40.00 ,$0.00 ,$0.00 
K2014,VELVET DOME CAP : ASSORT,ASSORT,R,DZ,687,$13.50 ,K5,,$18.00 ,$24.00 ,$0.00 ,$0.00 
K2015,VELVET DOME CAP : BLACK,BLACK,R,DZ,380,$13.50 ,K5,,$18.00 ,$24.00 ,$0.00 ,$0.00 
K2016,METALLIC DURAG : ASSORT,ASSORT,R,DZ,2361,$18.00 ,K5,,$24.00 ,$36.00 ,$0.00 ,$0.00 
K2017,METALLIC DURAG : WHITE,WHITE,R,DZ,752,$18.00 ,K5,,$24.00 ,$36.00 ,$0.00 ,$0.00 
K2018,METALLIC DURAG : ROYAL,ROYAL,R,DZ,1125,$18.00 ,K6,,$24.00 ,$36.00 ,$0.00 ,$0.00 
K2019,METALLIC DURAG : PURPLE,PURPLE,R,DZ,1348,$18.00 ,K6,,$24.00 ,$36.00 ,$0.00 ,$0.00 
K202,SPANDEX VISOR DOME CAP : WHITE,WHITE,R,DZ,0,$18.00 ,A12,,$24.00 ,$36.00 ,$0.00 ,$0.00 
K2020,METALLIC DURAG : PINK,PINK,R,DZ,1355,$18.00 ,K6,,$24.00 ,$36.00 ,$0.00 ,$0.00 
K2021,METALLIC DURAG : SILVER,SILVER,R,DZ,1131,$18.00 ,K6,,$24.00 ,$36.00 ,$0.00 ,$0.00 
K2022,METALLIC DURAG : GOLD,GOLD,R,DZ,1366,$18.00 ,K7,,$24.00 ,$36.00 ,$0.00 ,$0.00 
K203,SPANDEX VISOR DOME CAP : RED,RED,R,DZ,0,$18.00 ,A4,,$24.00 ,$36.00 ,$0.00 ,$0.00 
K2030,WOLFING DU-STRAP : ASSORT,ASSORT,R,DZ,1721,$22.50 ,J3,,$30.00 ,$40.00 ,$0.00 ,$0.00 
K213,SPANDEX VISOR DOME CAP : ASSORT,R.ASSORT,R,DZ,52,$18.00 ,A12,,$24.00 ,$36.00 ,$0.00 ,$0.00 
K221,SPANDEX VISOR DOME CAP : AFRO,AFRO,R,DZ,0,$13.50 ,N/A,,$18.00 ,$24.00 ,$0.00 ,$0.00 
K222,SPANDEX VISOR DOME CAP : JAMAICAN,JAMAICAN,R,DZ,0,$13.50 ,N/A,,$18.00 ,$24.00 ,$0.00 ,$0.00 
K223,SPANDEX VISOR DOME CAP : ASSORT,ASSORT,R,DZ,0,$13.50 ,N/A,,$18.00 ,$24.00 ,$0.00 ,$0.00 
K224,SPANDEX VISOR DOME CAP : PINK,PINK,R,DZ,0,$13.50 ,N/A,,$18.00 ,$24.00 ,$0.00 ,$0.00 
K230,VISOR DU-RAG : ASSORT,ASSORT,R,DZ,-1,$9.00 ,N/A,,$12.00 ,$18.00 ,$0.00 ,$0.00 
K231,VISOR DU-RAG : BLACK,BLACK,R,DZ,-1,$9.00 ,N/A,,$12.00 ,$18.00 ,$0.00 ,$0.00 
K232,VISOR DU-RAG : WHITE,WHITE,R,DZ,0,$9.00 ,N/A,,$12.00 ,$18.00 ,$0.00 ,$0.00 
K233,VISOR DU-RAG : TWO/TONE ASSORT,TWO/TONE,R,DZ,-1,$9.00 ,N/A,,$12.00 ,$18.00 ,$0.00 ,$0.00 
K400,DELUXE DURAG : ASSORT,ASSORT,R,DZ,4,$9.00 ,A13,,$12.00 ,$15.00 ,$0.00 ,$0.00 
K401,DELUXE DURAG : BLACK,BLACK,R,DZ,255,$9.00 ,A13,,$12.00 ,$15.00 ,$0.00 ,$0.00 
K402,DELUXE DURAG : WHITE,WHITE,R,DZ,0,$9.00 ,A13,,$12.00 ,$15.00 ,$0.00 ,$0.00 
K403,SILKY DURAG : ASSORT,ASSORT,R,DZ,81,$9.00 ,A13,,$12.00 ,$15.00 ,$0.00 ,$0.00 
K404,SILKY DURAG : BLACK,BLACK,R,DZ,700,$9.00 ,A14,,$12.00 ,$15.00 ,$0.00 ,$0.00 
K405,SILKY DURAG : WHITE,WHITE,R,DZ,665,$9.00 ,K7,,$12.00 ,$15.00 ,$0.00 ,$0.00 
K406,SILKY DURAG : RED,RED,R,DZ,583,$9.00 ,K7,,$12.00 ,$15.00 ,$0.00 ,$0.00 
K407,SILKY DURAG : NAVY,NAVY,R,DZ,609,$9.00 ,K7,,$12.00 ,$15.00 ,$0.00 ,$0.00 
K408,SILKY DURAG : ROYAL,ROYAL,R,DZ,928,$9.00 ,K8,,$12.00 ,$15.00 ,$0.00 ,$0.00 
K409,SILKY DURAG : SKY,SKY,R,DZ,33,$9.00 ,K8,,$12.00 ,$15.00 ,$0.00 ,$0.00 
K410,SILKY DURAG : SILVER,SILVER,R,DZ,761,$9.00 ,K8,,$12.00 ,$15.00 ,$0.00 ,$0.00 
K411,SILKY DURAG : YELLOW,YELLOW,R,DZ,174,$9.00 ,K8,,$12.00 ,$15.00 ,$0.00 ,$0.00 
K412,SILKY DURAG : ORANGE,ORANGE,R,DZ,324,$9.00 ,K9,,$12.00 ,$15.00 ,$0.00 ,$0.00 
K413,SILKY DURAG : GREEN,GREEN,R,DZ,469,$9.00 ,K9,,$12.00 ,$15.00 ,$0.00 ,$0.00 
K414,SILKY DURAG : LIGHT PINK,L/PINK,R,DZ,573,$9.00 ,K9,,$12.00 ,$15.00 ,$0.00 ,$0.00 
K415,SILKY DURAG : PURPLE,PURPLE,R,DZ,541,$9.00 ,K9,,$12.00 ,$15.00 ,$0.00 ,$0.00 
K416,SILKY DURAG : GOLD,GOLD,R,DZ,446,$9.00 ,K10,,$12.00 ,$15.00 ,$0.00 ,$0.00 
K417,SILKY CAMO DURAG : ASSORT,ASSORT,R,DZ,630,$13.50 ,K10,,$18.00 ,$24.00 ,$0.00 ,$0.00 
K418,SILKY CAMO DURAG : GREEN,GREEN,R,DZ,383,$13.50 ,K10,,$18.00 ,$24.00 ,$0.00 ,$0.00 
K419,SILKY CAMO DURAG : BLUE,BLUE,R,DZ,690,$13.50 ,K10,,$18.00 ,$24.00 ,$0.00 ,$0.00 
K420,SILKY CAMO DURAG : PINK,PINK,R,DZ,942,$13.50 ,K11,,$18.00 ,$24.00 ,$0.00 ,$0.00 
K422,MAGIC RAG(DZ/24DZ): WHITE,WHITE,,DZ,0,$12.00 ,,,$16.50 ,$24.00 ,$0.00 ,$0.00 
K600,BONUS DURAG : ASSORT,ASSORT,R,DZ,1570,$4.00 ,A14,,$5.50 ,$9.00 ,$0.00 ,$0.00 
K601,BONUS DURAG : BLACK,BLACK,R,DZ,-2,$4.00 ,A14,,$5.50 ,$9.00 ,$0.00 ,$0.00 
K602,BONUS DURAG : WHITE,WHITE,R,DZ,1483,$4.00 ,A14,,$5.50 ,$9.00 ,$0.00 ,$0.00 
K603,BONUS DURAG : RED,RED,R,DZ,735,$4.00 ,A14,,$5.50 ,$9.00 ,$0.00 ,$0.00 
K604,BONUS DURAG : NAVY,NAVY,R,DZ,722,$4.00 ,A14,,$5.50 ,$9.00 ,$0.00 ,$0.00 
K700,SPANDEX STRETCH CAP : ASSORT,ASSORT,R,DZ,279,$7.00 ,A15,,$9.00 ,$12.00 ,,
K701,SPANDEX STRETCH CAP : BLACK,BLACK,R,DZ,529,$7.00 ,A15,,$9.00 ,$12.00 ,$0.00 ,$0.00 
K702,SPANDEX STRETCH CAP : WHITE,WHITE,R,DZ,0,$7.00 ,A15,,$9.00 ,$12.00 ,$0.00 ,$0.00 
K703,SPAN DREADLOCKS CAP : ASSORT,ASSORT,R,DZ,150,$16.50 ,A15,,$24.00 ,$36.00 ,,
K704,SPAN DREADLOCKS CAP : BLACK,BLACK,R,DZ,1138,$16.50 ,A16,,$24.00 ,$36.00 ,$0.00 ,$0.00 
K705,SPAN DREADLOCKS CAP (XL) : ASSORT,ASSORT,XL,DZ,507,$21.00 ,A16,,$30.00 ,$42.00 ,,
K706,SPAN DREADLOCKS CAP (XL) : BLACK,BLACK,XL,DZ,2130,$21.00 ,A16,,$30.00 ,$42.00 ,,
K707,SPAN DREADLOCKS BAND : ASSORT,ASSORT,R,DZ,714,$8.50 ,A17,,$12.00 ,$18.00 ,,
K708,SPAN DREADLOCKS BAND : BLACK,BLACK,R,DZ,1934,$8.50 ,A17,,$12.00 ,$18.00 ,,
K710,DREADLOCKS TUBE : ASSORT,ASSORT,R,DZ,614,$12.00 ,A17,,$16.50 ,$24.00 ,$0.00 ,$0.00 
K711,DREADLOCKS TUBE : BLACK,BLACK,R,DZ,674,$12.00 ,A17,,$16.50 ,$24.00 ,$0.00 ,$0.00 
K720,SPORT BAND SET (3PCS) : ASSORT,ASSORT,R,DZ,-2,$5.50 ,F6,,$7.50 ,$9.00 ,$0.00 ,$0.00 
K721,SPORT BAND SET (3PCS) : BLACK,BLACK,R,DZ,-2,$5.50 ,F6,,$7.50 ,$9.00 ,$0.00 ,$0.00 
K722,SPORT BAND SET (3PCS) : WHITE,WHITE,R,DZ,0,$5.50 ,F6,,$7.50 ,$9.00 ,$0.00 ,$0.00 
K723,SPORT BAND SET (3PCS) : RED,RED,R,DZ,0,$5.50 ,F6,,$7.50 ,$9.00 ,$0.00 ,$0.00 
K724,SPORT BAND SET (3PCS) : NAVY,NAVY,R,DZ,0,$5.50 ,F6,,$7.50 ,$9.00 ,$0.00 ,$0.00 
K725,SPORT BAND SET (3PCS) : ROYAL,R.BLUE,R,DZ,0,$5.50 ,F6,,$7.50 ,$9.00 ,$0.00 ,$0.00 
K726,SPORT BAND SET (3PCS) : SKY,SKY,R,DZ,0,$5.50 ,F6,,$7.50 ,$9.00 ,$0.00 ,$0.00 
K727,SPORT BAND SET (3PCS) : GRAY,GRAY,R,DZ,0,$5.50 ,F6,,$7.50 ,$9.00 ,$0.00 ,$0.00 
K728,SPORT BAND SET (3PCS) : BROWN,BROWN,R,DZ,84,$5.50 ,F6,,$7.50 ,$9.00 ,$0.00 ,$0.00 
K729,SPORT BAND SET (3PCS) : YELLOW,YELLOW,R,DZ,0,$5.50 ,F6,,$7.50 ,$9.00 ,$0.00 ,$0.00 
K731,SPORT BAND SET (3PCS) : ORANGE,ORANGE,R,DZ,66,$5.50 ,F6,,$7.50 ,$9.00 ,$0.00 ,$0.00 
K732,SPORT BAND SET (3PCS) : GREEN,GREEN,R,DZ,24,$5.50 ,6F,,$7.50 ,$9.00 ,$0.00 ,$0.00 
K733,SPORT BAND SET (3PCS) : PINK,PINK,R,DZ,0,$5.50 ,F6,,$7.50 ,$9.00 ,$0.00 ,$0.00 
K860,OGN WAVE CAP : ASSORT,ASSORT,R,DZ,309,$4.00 ,A18,,$6.00 ,$10.00 ,$0.00 ,$0.00 
K861,OGN WAVE CAP : BLACK,BLACK,R,DZ,3514,$4.00 ,A18,,$6.00 ,$10.00 ,$0.00 ,$0.00 
K862,OGN WAVE CAP : WHITE,WHITE,R,DZ,0,$4.00 ,A6,,$6.00 ,$10.00 ,$0.00 ,$0.00 
K863,OGN KID WAVE CAP : ASSORT,ASSORT,R,DZ,942,$4.00 ,A18,,$6.00 ,$10.00 ,$0.00 ,$0.00 
K864,OGN KID WAVE CAP : BLACK,BLACK,R,DZ,363,$4.00 ,A18,,$6.00 ,$10.00 ,$0.00 ,$0.00 
K940,JAMAICA HAT : ASSORT,ASSORT,R,DZ,0,$30.00 ,N/A,,$42.00 ,$60.00 ,$0.00 ,$0.00 
K941,JAMAICA HAT : BLACK,BLACK,R,DZ,0,$30.00 ,N/A,,$42.00 ,$60.00 ,$0.00 ,$0.00 
K942,JAMAICA HAT : WHITE,WHITE,R,DZ,0,$30.00 ,N/A,,$42.00 ,$60.00 ,$0.00 ,$0.00 
K943,JAMAICA HAT : RED,RED,R,DZ,0,$30.00 ,N/A,,$42.00 ,$60.00 ,$0.00 ,$0.00 
K944,JAMAICA HAT : NAVY,NAVY,R,DZ,0,$30.00 ,N/A,,$42.00 ,$60.00 ,$0.00 ,$0.00 
K945,JAMAICA HAT : BROWN,BROWN,R,DZ,0,$30.00 ,N/A,,$42.00 ,$60.00 ,$0.00 ,$0.00 
K946,JAMAICA HAT : KHAKI,KHAKI,R,DZ,0,$30.00 ,N/A,,$42.00 ,$60.00 ,$0.00 ,$0.00 
K947,JAMAICA HAT : YELLOW,YELLOW,R,DZ,0,$30.00 ,N/A,,$42.00 ,$60.00 ,$0.00 ,$0.00 
K948,JAMAICA HAT : GREEN,GREEN,R,DZ,0,$30.00 ,N/A,,$42.00 ,$60.00 ,$0.00 ,$0.00 
K950,JAMAICA HAT : AFRO,AFRO,R,DZ,0,$30.00 ,N/A,,$42.00 ,$60.00 ,$0.00 ,$0.00 
K960,VISOR JAMAICA HAT : ASSORT,ASSORT,R,DZ,0,$36.00 ,N/A,,$48.00 ,$72.00 ,$0.00 ,$0.00 
K961,VISOR JAMAICA HAT : BLACK,BLACK,R,DZ,0,$36.00 ,N/A,,$48.00 ,$72.00 ,$0.00 ,$0.00 
K962,VISOR JAMAICA HAT : WHITE,WHITE,R,DZ,0,$36.00 ,N/A,,$48.00 ,$72.00 ,$0.00 ,$0.00 
K963,VISOR JAMAICA HAT : RED,RED,R,DZ,0,$36.00 ,N/A,,$48.00 ,$72.00 ,$0.00 ,$0.00 
K964,VISOR JAMAICA HAT : NAVY,NAVY,R,DZ,0,$36.00 ,N/A,,$48.00 ,$72.00 ,$0.00 ,$0.00 
K965,VISOR JAMAICA HAT :BROWN,BROWN,R,DZ,0,$36.00 ,N/A,,$48.00 ,$72.00 ,$0.00 ,$0.00 
K966,VISOR JAMAICA HAT : KHAKI,KHAKI,R,DZ,0,$36.00 ,N/A,,$48.00 ,$72.00 ,$0.00 ,$0.00 
K967,VISOR JAMAICA HAT : YELLOW,YELLOW,R,DZ,0,$36.00 ,N/A,,$48.00 ,$72.00 ,$0.00 ,$0.00 
K968,VISOR JAMAICA HAT : GREEN,GREEN,R,DZ,0,$36.00 ,N/A,,$48.00 ,$72.00 ,$0.00 ,$0.00 
K969,"LOC VISOR CAP, W : BLACK",BLACK,R,DZ,341,$36.00 ,G21,,$48.00 ,$72.00 ,$0.00 ,$0.00 
K970,"LOC VISOR CAP, N : BLACK",BLACK,R,DZ,718,$36.00 ,G21,,$48.00 ,$72.00 ,$0.00 ,$0.00 
K971,VISOR JAMAICA HAT : WHITE AFRO,WH.AFRO,R,DZ,0,$36.00 ,N/A,,$48.00 ,$72.00 ,$0.00 ,$0.00 
K980,VISOR JAMAICA HAT (LONG) : ASSORT,ASSORT,J,DZ,-1,$36.00 ,N/A,,$48.00 ,$72.00 ,$0.00 ,$0.00 
K981,VISOR JAMAICA HAT (LONG) : BLACK,BLACK,J,DZ,-1,$36.00 ,N/A,,$48.00 ,$72.00 ,$0.00 ,$0.00 
K982,VISOR JAMAICA HAT (LONG) : WHITE,WHITE,J,DZ,0,$36.00 ,N/A,,$48.00 ,$72.00 ,$0.00 ,$0.00 
K983,VISOR JAMAICA HAT (LONG) : RED,RED,J,DZ,0,$36.00 ,N/A,,$48.00 ,$72.00 ,$0.00 ,$0.00 
K984,VISOR JAMAICA HAT (LONG) : NAVY,NAVY,J,DZ,0,$36.00 ,N/A,,$48.00 ,$72.00 ,$0.00 ,$0.00 
K985,VISOR JAMAICA HAT (LONG) : BROWN,BROWN,J,DZ,0,$36.00 ,N/A,,$48.00 ,$72.00 ,$0.00 ,$0.00 
K986,VISOR JAMAICA HAT (LONG) : KHAKI,KHAKI,J,DZ,0,$36.00 ,N/A,,$48.00 ,$72.00 ,$0.00 ,$0.00 
K987,VISOR JAMAICA HAT (LONG) : YELLOW,YELLOW,J,DZ,0,$36.00 ,N/A,,$48.00 ,$72.00 ,$0.00 ,$0.00 
K988,VISOR JAMAICA HAT (LONG) : GREEN,GREEN,J,DZ,0,$36.00 ,N/A,,$48.00 ,$72.00 ,$0.00 ,$0.00 
K989,"LOC VISOR CAP, SUPER LONG : BLACK",BLACK,J,DZ,490,$45.00 ,G22,,$60.00 ,$72.00 ,$0.00 ,$0.00 
K990,LOC VISOR TUBE : BLACK,BLACK,R,DZ,737,$36.00 ,G22,,$48.00 ,$72.00 ,$0.00 ,$0.00 
KN95,KN95 (PC/1000PCS),,,PC,46130,$1.50 ,,,$1.75 ,$0.00 ,$0.00 ,$0.00 
LUX CATALOG,LUX CATALOG,,,,0,$0.00 ,,,$0.00 ,$0.00 ,$0.00 ,$0.00 
LUX POSTER,,,,,4000,$0.00 ,,,$0.00 ,$0.00 ,$0.00 ,$0.00 
LUX POSTER (S),LUX POSTER (S),,,,0,$0.00 ,,,$0.00 ,$0.00 ,$0.00 ,$0.00 
LUX POSTER BIG,LUX POSTER BIG,,,,0,$0.00 ,,,$0.00 ,$0.00 ,$0.00 ,$0.00 
LUX-TAPE,,,,,250,$0.00 ,,,$0.00 ,$0.00 ,$0.00 ,$0.00 
MASK, L/BLUE (PC/2400PCS),,,PC,220670,$0.40 ,,,$0.50 ,$0.00 ,$0.00 ,$0.00 
Q054,KID SLEEP CAP : ASSORT,ASSORT,R,DZ,529,$7.50 ,B22,,$10.00 ,$15.00 ,$0.00 ,$0.00 
Q055,KID SLEEP CAP : BLACK,BLACK,R,DZ,760,$7.50 ,B22,,$10.00 ,$15.00 ,$0.00 ,$0.00 
Q100,STOCKING WIG-CAP (2 PC) : BLACK,BLACK,R,DZ,24582,$3.00 ,B22,,$4.50 ,$6.00 ,$0.00 ,$0.00 
Q101,STOCKING WIG-CAP (2 PC) : BROWN,BROWN,R,DZ,5809,$3.00 ,B21,,$4.50 ,$6.00 ,$0.00 ,$0.00 
Q102,STOCKING WIG-CAP (2 PC) : LIGHT BROWN,LT. BROWN,R,DZ,5738,$3.00 ,B21,,$4.50 ,$6.00 ,$0.00 ,$0.00 
Q103,STOCKING WIG-CAP (100 PC) : BLACK,BLACK,XL,PK,318,$10.00 ,B20,,$13.00 ,$25.00 ,$0.00 ,$0.00 
Q104,STOCKING WIG-CAP (2 PC) : NATURAL,NATURAL,R,DZ,14090,$3.00 ,B20,,$4.50 ,$6.00 ,$0.00 ,$0.00 
Q105,STOCKING WIG-CAP (200 PC) : BLACK,BLACK,XL,PK,662,$19.00 ,B19,,$25.00 ,$45.00 ,$0.00 ,$0.00 
Q106,STOCKING WIG-CAP (400 PC) : BLACK,BLACK,XL,PC,1227,$37.00 ,B19,,$50.00 ,$80.00 ,$0.00 ,$0.00 
Q107,STOCKING WIG-CAP (400 PC) : NATURAL,NATURAL,XL,PK,65,$37.00 ,B18,,$50.00 ,$80.00 ,$0.00 ,$0.00 
Q108,BRAID CYLINDER : BLACK,BLACK,R,DZ,820,$4.50 ,B6,,$6.00 ,$9.00 ,$0.00 ,$0.00 
Q109,BRAID CYLINDER : BROWN,BROWN,R,DZ,253,$4.50 ,B18,,$6.00 ,$9.00 ,$0.00 ,$0.00 
Q110,MESH-WRAP (LG) : ASSORT,ASSORT,R,DZ,168,$6.00 ,B18,,$8.00 ,$10.00 ,$0.00 ,$0.00 
Q111,MESH-WRAP (LG) : BLACK,BLACK,R,DZ,977,$6.00 ,B18,,$8.00 ,$10.00 ,$0.00 ,$0.00 
Q114,UNDA CAP (3 PC) : WHITE,WHITE,R,DZ,1354,$3.00 ,N/A,,$4.50 ,$6.00 ,$0.00 ,$0.00 
Q115,UNDA CAP (3 PC) : PINK,PINK,R,DZ,1124,$3.00 ,N/A,,$4.50 ,$6.00 ,$0.00 ,$0.00 
Q116,UNDA CAP (3 PC) : BLUE,BLUE,R,DZ,766,$3.00 ,N/A,,$4.50 ,$6.00 ,$0.00 ,$0.00 
Q117,UNDA CAP (100 PC) : WHITE,WHITE,R,BOX,619,$8.00 ,N/A,,$12.00 ,$15.00 ,$0.00 ,$0.00 
Q118,UNDA CAP (100 PC) : PINK,PINK,R,BOX,263,$8.00 ,N/A,,$12.00 ,$15.00 ,$0.00 ,$0.00 
Q119,UNDA CAP (100 PC) : BLUE,BLUE,R,BOX,574,$8.00 ,N/A,,$12.00 ,$15.00 ,$0.00 ,$0.00 
Q120,SUPER JUMBO SLEEP-CAP : ASSORT,ASSORT,J,DZ,130,$11.50 ,B17,,$15.00 ,$24.00 ,$0.00 ,$0.00 
Q121,SUPER JUMBO SLEEP-CAP : BLACK,BLACK,J,DZ,317,$11.50 ,B17,,$15.00 ,$24.00 ,$0.00 ,$0.00 
Q122,SUPER JUMBO BONNET : ASSORT,ASSORT,J,DZ,238,$11.50 ,B17,,$15.00 ,$24.00 ,$0.00 ,$0.00 
Q123,SUPER JUMBO BONNET : BLACK,BLACK,J,DZ,0,$11.50 ,B17,,$15.00 ,$24.00 ,$0.00 ,$0.00 
Q124,DRAWSTRING SLEEP CAP : ASSORT,ASSORT,R,DZ,312,$9.00 ,B16,,$12.00 ,$18.00 ,$0.00 ,$0.00 
Q125,DRAWSTRING SLEEP CAP : BLACK,BLACK,R,DZ,606,$9.00 ,B16,,$12.00 ,$18.00 ,$0.00 ,$0.00 
Q126,XL STOCKING WIG-CAP (2PCS) : BLACK,BLACK,XL,DZ,4304,$3.50 ,B16,,$4.50 ,$6.00 ,$0.00 ,$0.00 
Q127,XL STOCKING WIG CAP(200PCS) : BLACK,BLACK,XL,PK,0,$19.00 ,B16,,$25.00 ,$45.00 ,$0.00 ,$0.00 
Q129,MAGIC-SCARF : ASSORT,ASSORT,R,DZ,358,$18.00 ,B15,,$24.00 ,$36.00 ,,
Q130,MAGIC-SCARF : BLACK,BLACK,R,DZ,1076,$18.00 ,B15,,$24.00 ,$36.00 ,,
Q131,MAGIC-SCARF : WHITE,WHITE,R,DZ,19,$18.00 ,B15,,$24.00 ,$36.00 ,$0.00 ,$0.00 
Q140,LADY DURAG : ASSORT,ASSORT,R,DZ,192,$12.00 ,B15,,$16.50 ,$30.00 ,$0.00 ,$0.00 
Q141,LADY DURAG : BLACK,BLACK,R,DZ,510,$12.00 ,B14,,$16.50 ,$30.00 ,$0.00 ,$0.00 
Q142,STOCKING WIG-CAP (2 PC) : DARK BROWN,D/BROWN,R,DZ,1207,$3.00 ,E1,,$4.50 ,$6.00 ,$0.00 ,$0.00 
Q143,STOCKING WIG-CAP (2 PC) : AUBURN,AUBURN,R,DZ,18059,$3.00 ,E1,,$4.50 ,$6.00 ,$0.00 ,$0.00 
Q144,STOCKING WIG-CAP (2 PC) : CREAM,CREAM,R,DZ,2481,$3.00 ,E1,,$4.50 ,$6.00 ,$0.00 ,$0.00 
Q150,SATIN SLEEP-CAP(LG) : ASSORT,ASSORT,L,DZ,536,$8.50 ,B14,,$11.00 ,$15.00 ,$0.00 ,$0.00 
Q151,SATIN SLEEP-CAP(LG) : BLACK,BLACK,L,DZ,1662,$8.50 ,B14,,$11.00 ,$15.00 ,$0.00 ,$0.00 
Q152,SATIN SLEEP-CAP(XL) : ASSORT,ASSORT,XL,DZ,211,$9.00 ,B14,,$12.00 ,$15.00 ,$0.00 ,$0.00 
Q153,SATIN SLEEP-CAP(XL) : BLACK,BLACK,XL,DZ,525,$9.00 ,B13,,$12.00 ,$15.00 ,$0.00 ,$0.00 
Q154,SATIN SLEEP-CAP(FL) : ASSORT,ASSORT,R,DZ,403,$9.00 ,B13,,$12.00 ,$15.00 ,$0.00 ,$0.00 
Q156,SATIN BONNET (LG) : ASSORT,ASSORT,L,DZ,536,$8.50 ,B13,,$11.00 ,$15.00 ,$0.00 ,$0.00 
Q157,SATIN BONNET (LG) : BLACK,BLACK,L,DZ,1267,$8.50 ,B13,,$11.00 ,$15.00 ,$0.00 ,$0.00 
Q158,SATIN BONNET (XL) : ASSORT,ASSORT,XL,DZ,106,$9.00 ,B12,,$12.00 ,$15.00 ,$0.00 ,$0.00 
Q159,SATIN BONNET (XL) : BLACK,BLACK,XL,DZ,497,$9.00 ,B12,,$12.00 ,$15.00 ,$0.00 ,$0.00 
Q160,SATIN OVER WRAP (LG) : ASSORT,ASSORT,L,DZ,247,$8.50 ,B12,,$11.00 ,$15.00 ,$0.00 ,$0.00 
Q161,SATIN OVER WRAP (LG) : BLACK,BLACK,L,DZ,365,$8.50 ,B12,,$11.00 ,$15.00 ,$0.00 ,$0.00 
Q162,SATIN TRIANGLE (LG) : ASSORT,ASSORT,L,DZ,142,$8.50 ,B12,,$11.00 ,$15.00 ,$0.00 ,$0.00 
Q163,SATIN TRIANGLE (LG) : BLACK,BLACK,L,DZ,498,$8.50 ,B12,,$11.00 ,$15.00 ,$0.00 ,$0.00 
Q164,SATIN SCARF (LG) : ASSORT,ASSORT,L,DZ,192,$9.00 ,B11,,$12.00 ,$15.00 ,$0.00 ,$0.00 
Q165,SATIN SCARF (LG) : BLACK,BLACK,L,DZ,470,$9.00 ,B11,,$12.00 ,$15.00 ,$0.00 ,$0.00 
Q166,SATIN BAND (LG) : ASSORT,ASSORT,L,DZ,9,$7.00 ,B11,,$9.00 ,$12.00 ,$0.00 ,$0.00 
Q167,SATIN BAND (LG) : BLACK,BLACK,L,DZ,334,$7.00 ,B11,,$9.00 ,$12.00 ,$0.00 ,$0.00 
Q168,SATIN FOAM WRAP (LG) : ASSORT,ASSORT,L,DZ,77,$8.50 ,B10,,$11.00 ,$15.00 ,$0.00 ,$0.00 
Q169,SATIN FOAM WRAP (LG) : BLACK,BLACK,L,DZ,174,$8.50 ,B10,,$11.00 ,$15.00 ,$0.00 ,$0.00 
Q170,SPANDEX-CAP (LG) : ASSORT,ASSORT,L,DZ,258,$8.50 ,B10,,$11.00 ,$15.00 ,,
Q171,SPANDEX WRAP : ASSORT,ASSORT,R,DZ,856,$9.00 ,B10,,$12.00 ,$15.00 ,,
Q172,SPANDEX-CAP (LG) : BLACK,BLACK,L,DZ,1008,$8.50 ,B9,,$11.00 ,$15.00 ,,
Q173,SPANDEX WRAP : BLACK,BLACK,R,DZ,1263,$9.00 ,B9,,$12.00 ,$15.00 ,,
Q174,SATIN WRAP-OPEN TOP (LG) : ASSORT,ASSORT,L,DZ,310,$4.50 ,B9,,$6.00 ,$9.00 ,$0.00 ,$0.00 
Q175,SATIN WRAP-OPEN TOP (LG) : BLACK,BLACK,L,DZ,510,$4.50 ,B9,,$6.00 ,$9.00 ,$0.00 ,$0.00 
Q176,SATIN MULTI SCARF : ASSORT,ASSORT,R,DZ,55,$9.00 ,B8,,$12.00 ,$15.00 ,$0.00 ,$0.00 
Q177,SATIN MULTI SCARF : BLACK,BLACK,R,DZ,0,$9.00 ,B8,,$12.00 ,$15.00 ,$0.00 ,$0.00 
Q178,SATIN BRAID BONNET : ASSORT,ASSORT,R,DZ,615,$9.00 ,B8,,$12.00 ,$15.00 ,$0.00 ,$0.00 
Q179,SATIN BRAID BONNET : BLACK,BLACK,R,DZ,759,$9.00 ,B8,,$12.00 ,$15.00 ,$0.00 ,$0.00 
Q180,SHOWER-CAP (LG) : ASSORT,ASSORT,L,DZ,1027,$4.50 ,B7,,$6.00 ,$9.00 ,$0.00 ,$0.00 
Q181,SHOWER-CAP (LG) : BLACK,BLACK,L,DZ,1598,$4.50 ,B7,,$6.00 ,$9.00 ,$0.00 ,$0.00 
Q182,SHOWER CAP : DOT,DOT,R,DZ,970,$4.50 ,B7,,$6.00 ,$9.00 ,$0.00 ,$0.00 
Q183,SHOWER-CAP (XL) : ASSORT,ASSORT,XL,DZ,714,$4.50 ,B7,,$6.00 ,$9.00 ,$0.00 ,$0.00 
Q184,SHOWER-CAP (XL) : BLACK,BLACK,XL,DZ,805,$4.50 ,B6,,$6.00 ,$9.00 ,$0.00 ,$0.00 
Q185,CONDITIONING-CAP (6 PC) : ASSORT,ASSORT,R,DZ,314,$4.50 ,B6,,$6.00 ,$8.00 ,,
Q186,CONDITIONING-CAP (6 PC) : CLEAR,CLEAR,R,DZ,867,$4.50 ,B6,,$6.00 ,$9.00 ,$0.00 ,$0.00 
Q187,CONDITIONING-CAP (30PC/6EA/PK) : ASSORT,ASSORT,R,PK,39,$6.00 ,B6,,$7.50 ,$12.00 ,$0.00 ,$0.00 
Q188,CONDITIONING-CAP (30PC/6EA/PK) : CLEAR,CLEAR,R,PK,241,$6.00 ,B6,,$7.50 ,$12.00 ,$0.00 ,$0.00 
Q190,PROCESSING-CAP (LG) : GOLD,GOLD,L,DZ,670,$4.50 ,B5,,$6.00 ,$9.00 ,$0.00 ,$0.00 
Q191,PROCESSING-CAP (LG) : SILVER,SILVER,L,DZ,622,$4.50 ,B5,,$6.00 ,$9.00 ,$0.00 ,$0.00 
Q192,TIPPING CAP : ASSORT,ASSORT,R,DZ,1223,$6.00 ,B5,,$8.00 ,$12.00 ,$0.00 ,$0.00 
Q194,RAIN-BONNET (LG)-CLEAR,CLEAR,L,DZ,829,$4.50 ,B5,,$6.00 ,$9.00 ,$0.00 ,$0.00 
Q195,BRAID SHOWER CAP : ASSORT,ASSORT,R,DZ,77,$18.00 ,B4,,$24.00 ,$36.00 ,$0.00 ,$0.00 
Q196,BRAID SHOWER CAP : BLACK,BLACK,R,DZ,-5,$18.00 ,B4,,$24.00 ,$36.00 ,$0.00 ,$0.00 
Q199,NEUTRALIZING BIB : CLEAR,CLEAR,R,DZ,-12,$6.50 ,B4,,$8.50 ,$12.00 ,$0.00 ,$0.00 
Q260,KNOTTED HEADWRAP : ASSORT,ASSORT,R,DZ,740,$18.00 ,B3,,$24.00 ,$36.00 ,,
Q261,KNOTTED HEADWRAP : BLACK,BLACK,R,DZ,1386,$18.00 ,B3,,$24.00 ,$36.00 ,,
Q262,KNOTTED HEADWRAP : WHITE,WHITE,R,DZ,0,$18.00 ,B3,,$24.00 ,$36.00 ,$0.00 ,$0.00 
Q303,FOAM MESH-WRAP : ASSORT,ASSORT,R,DZ,115,$8.00 ,B3,,$10.00 ,$15.00 ,$0.00 ,$0.00 
Q304,FOAM MESH-WRAP : BLACK,BLACK,R,DZ,547,$8.00 ,B2,,$10.00 ,$15.00 ,$0.00 ,$0.00 
Q305,FIRM MESH-WRAP : ASSORT,ASSORT,R,DZ,251,$7.00 ,B2,,$9.00 ,$15.00 ,$0.00 ,$0.00 
Q306,FIRM MESH-WRAP : BLACK,BLACK,R,DZ,349,$7.00 ,B2,,$9.00 ,$15.00 ,$0.00 ,$0.00 
Q307,PLASTIC EAR COVER (8 PC) : ASSORT,ASSORT,R,DZ,-1,$4.00 ,B2,,$5.50 ,$9.00 ,$0.00 ,$0.00 
Q308,PLASTIC EAR COVER (8 PC) : CLEAR,CLEAR,R,DZ,-1,$4.00 ,B2,,$5.50 ,$9.00 ,$0.00 ,$0.00 
Q309,EAR COVER/300 PC BOX : ASSORT,ASSORT,R,PK,0,$12.00 ,N/A,,$16.50 ,$20.00 ,$0.00 ,$0.00 
Q310,EAR COVER/300 PC BOX : CLEAR,CLEAR,R,PK,0,$12.00 ,N/A,,$16.50 ,$20.00 ,$0.00 ,$0.00 
Q385,BIG KNOTTED HEADWRAP : ASSORT,ASSORT,R,DZ,546,$21.00 ,B1,,$27.00 ,$48.00 ,,
Q386,BIG KNOTTED HEADWRAP : BLACK,BLACK,R,DZ,250,$21.00 ,B1,,$27.00 ,$48.00 ,,
Q387,BIG KNOTTED HEADWRAP : WHITE,WHITE,R,DZ,0,$21.00 ,N/A,,$27.00 ,$48.00 ,$0.00 ,$0.00 
Q439,KUFI-CAP : CRIMSON,CRIMSON,R,DZ,364,$13.50 ,F22,,$18.00 ,$30.00 ,$0.00 ,$0.00 
Q440,KUFI-CAP : PEACH,PEACH,R,DZ,355,$13.50 ,F22,,$18.00 ,$30.00 ,$0.00 ,$0.00 
Q441,KUFI-CAP : MUSTARD,MUSTARD,R,DZ,209,$13.50 ,F22,,$18.00 ,$30.00 ,$0.00 ,$0.00 
Q442,KUFI-CAP : TURQUOISE,TURQUOISE,R,DZ,325,$13.50 ,F22,,$18.00 ,$30.00 ,$0.00 ,$0.00 
Q443,KUFI-CAP : NATURAL,NATURAL,R,DZ,0,$13.50 ,F22,,$18.00 ,$30.00 ,$0.00 ,$0.00 
Q444,KUFI-CAP : DARK BROWN,D. BROWN,R,DZ,8,$13.50 ,F22,,$18.00 ,$30.00 ,$0.00 ,$0.00 
Q445,KUFI-CAP : AQUA,AQUA,R,DZ,12,$13.50 ,F22,,$18.00 ,$30.00 ,$0.00 ,$0.00 
Q446,KUFI-CAP : TAN,TAN,R,DZ,80,$13.50 ,F22,,$18.00 ,$30.00 ,$0.00 ,$0.00 
Q447,KUFI-CAP : LEMON,LEMON,R,DZ,0,$13.50 ,F21,,$18.00 ,$30.00 ,$0.00 ,$0.00 
Q448,KUFI-CAP MEDIUM PINK,MEDIUM PINK,R,DZ,0,$13.50 ,F21,,$18.00 ,$30.00 ,$0.00 ,$0.00 
Q449,KUFI-CAP HOT PINK,HOT PINK,R,DZ,0,$13.50 ,F21,,$18.00 ,$30.00 ,$0.00 ,$0.00 
Q450,KUFI-CAP ASSORT,ASSORT,R,DZ,59,$15.00 ,F21,,$20.00 ,$36.00 ,$0.00 ,$0.00 
Q451,KUFI-CAP BLACK,BLACK,R,DZ,144,$15.00 ,F21,,$20.00 ,$36.00 ,$0.00 ,$0.00 
Q452,KUFI-CAP WHITE,WHITE,R,DZ,0,$15.00 ,F21,,$20.00 ,$36.00 ,$0.00 ,$0.00 
Q469,KUFI-CAP : ASSORT,ASSORT,R,DZ,-12,$13.50 ,F21,,$18.00 ,$30.00 ,$0.00 ,$0.00 
Q470,KUFI-CAP : BLACK,BLACK,R,DZ,730,$13.50 ,F21,,$18.00 ,$30.00 ,$6.00 ,$6.00 
Q471,KUFI-CAP : WHITE,WHITE,R,DZ,348,$13.50 ,F20,,$18.00 ,$30.00 ,$0.00 ,$0.00 
Q472,KUFI-CAP : RED,RED,R,DZ,214,$13.50 ,F20,,$18.00 ,$30.00 ,$0.00 ,$0.00 
Q473,KUFI-CAP : NAVY,NAVY BLUE,R,DZ,12,$13.50 ,F20,,$18.00 ,$30.00 ,$0.00 ,$0.00 
Q474,KUFI-CAP : ROYAL,ROYAL BLUE,R,DZ,168,$13.50 ,F20,,$18.00 ,$30.00 ,$0.00 ,$0.00 
Q475,KUFI-CAP : SKY,SKY BLUE,R,DZ,0,$13.50 ,F20,,$18.00 ,$30.00 ,$0.00 ,$0.00 
Q476,KUFI-CAP : D. GRAY,D. GRAY,R,DZ,0,$13.50 ,F20,,$18.00 ,$30.00 ,$0.00 ,$0.00 
Q477,KUFI-CAP : L. GRAY,L. GRAY,R,DZ,49,$13.50 ,F20,,$18.00 ,$30.00 ,$0.00 ,$0.00 
Q478,KUFI-CAP : BROWN,BROWN,R,DZ,131,$13.50 ,F20,,$18.00 ,$30.00 ,$0.00 ,$0.00 
Q479,KUFI-CAP : KHAKI,KHAKI,R,DZ,64,$13.50 ,F19,,$18.00 ,$30.00 ,$0.00 ,$0.00 
Q480,KUFI-CAP : H.PINK,HOT PINK,R,DZ,88,$13.50 ,F19,,$18.00 ,$30.00 ,$0.00 ,$0.00 
Q481,KUFI-CAP : PINK,PINK,R,DZ,65,$13.50 ,F19,,$18.00 ,$30.00 ,$0.00 ,$0.00 
Q482,KUFI-CAP : GOLD,GOLD,R,DZ,0,$13.50 ,F19,,$18.00 ,$30.00 ,$0.00 ,$0.00 
Q483,KUFI-CAP : YELLOW,YELLOW,R,DZ,49,$13.50 ,F19,,$18.00 ,$30.00 ,$0.00 ,$0.00 
Q484,KUFI-CAP : PURPLE,PURPLE,R,DZ,27,$13.50 ,F19,,$18.00 ,$30.00 ,$0.00 ,$0.00 
Q485,KUFI-CAP : LAVENDER,LAVENDER,R,DZ,0,$13.50 ,F19,,$18.00 ,$30.00 ,$0.00 ,$0.00 
Q486,KUFI-CAP : GREEN,GREEN,R,DZ,0,$13.50 ,F19,,$18.00 ,$30.00 ,$0.00 ,$0.00 
Q487,KUFI-CAP : LIME,LIME,R,DZ,0,$13.50 ,F18,,$18.00 ,$30.00 ,$0.00 ,$0.00 
Q488,KUFI-CAP : BURGUNDY,BURGUNDY,R,DZ,0,$13.50 ,F18,,$18.00 ,$30.00 ,$0.00 ,$0.00 
Q489,KUFI-CAP : ORANGE,ORANGE,R,DZ,0,$13.50 ,F18,,$18.00 ,$30.00 ,$0.00 ,$0.00 
Q490,KUFI-CAP : AFRO,AFRO,R,DZ,328,$13.50 ,F18,,$18.00 ,$30.00 ,$0.00 ,$0.00 
Q491,DOUBLE KOOPY-CAP BLACK,BLACK,R,DZ,0,$13.50 ,F18,,$18.00 ,$30.00 ,$0.00 ,$0.00 
Q496,KUFI-CAP : M.PINK,M/PINK,R,DZ,0,$13.50 ,F6,,$18.00 ,$30.00 ,$0.00 ,$0.00 
Q497,KUFI-CAP : CREAM,CREAM,R,DZ,0,$13.50 ,F18,,$18.00 ,$30.00 ,$0.00 ,$0.00 
Q498,KUFI-CAP :M.PINK,M. PINK,R,DZ,950,$13.50 ,F18,,$18.00 ,$30.00 ,$0.00 ,$0.00 
Q500,DLX CUSTOM WEAVING CAP,N/A,R,DZ,148,$18.00 ,B1,,$24.00 ,$36.00 ,$0.00 ,$0.00 
Q5000,SILI BAND STOCKING WIG CAP : L.BROWN,L/BRWON,R,DZ,445,$7.00 ,B1,,$9.50 ,$15.00 ,$0.00 ,$0.00 
Q5001,SILI BAND STOCKING WIG CAP : BLACK,BLACK,R,DZ,1801,$7.00 ,C22,,$9.50 ,$15.00 ,$0.00 ,$0.00 
Q5002,SILI BAND STOCKING WIG CAP : BROWN,BROWN,R,DZ,553,$7.00 ,C22,,$9.50 ,$15.00 ,$0.00 ,$0.00 
Q5003,SILI BAND STOCKING WIG CAP : NATURAL,BEIGE,R,DZ,922,$7.00 ,C22,,$9.50 ,$15.00 ,$0.00 ,$0.00 
Q5004,"SILI BAND WIG & WEAVING CAP, CLOSED TOP : BLACK",BLACK,R,DZ,1632,$8.50 ,C22,,$12.00 ,$18.00 ,$0.00 ,$0.00 
Q5005,"SILI BAND WIG & WEAVING CAP, CLOSED TOP : BROWN",BROWN,R,DZ,539,$8.50 ,C21,,$12.00 ,$18.00 ,$0.00 ,$0.00 
Q5006,"SILI BAND WIG & WEAVING CAP, CLOSED TOP : NATURAL",NATURAL,R,DZ,629,$8.50 ,C21,,$12.00 ,$18.00 ,$0.00 ,$0.00 
Q501,DLX CUSTOM WEAVING CAP : BLACK,BLACK,R,DZ,879,$18.00 ,C21,,$24.00 ,$36.00 ,$0.00 ,$0.00 
Q5011,MESH WIG CAP (DOME STYLE) : BLACK,BLACK,R,DZ,23455,$13.50 ,C20,,$18.00 ,$30.00 ,$0.00 ,$0.00 
Q5012,SWISS LACE : BROWN,BROWN,R,DZ,617,$8.50 ,C20,,$12.00 ,$18.00 ,$0.00 ,$0.00 
Q5013,"U-PART WIG CAP, CENTER : BLACK",BLACK,R,DZ,653,$22.50 ,C20,,$30.00 ,$40.00 ,$0.00 ,$0.00 
Q5014,"U-PART WIG CAP, SIDE : BLACK",BLACK,R,DZ,254,$22.50 ,C19,,$30.00 ,$40.00 ,$0.00 ,$0.00 
Q5015,"U-PART WIG CAP (LACE), CENTER : BLACK",BLACK,R,DZ,416,$22.50 ,C19,,$30.00 ,$40.00 ,$0.00 ,$0.00 
Q5016,"U-PART WIG CAP (LACE), SIDE : BLACK",BLACK,R,DZ,236,$22.50 ,C19,,$30.00 ,$40.00 ,$0.00 ,$0.00 
Q5017,SPANDEX DOME CAP : BLACK,BLACK,R,DZ,20404,$9.00 ,C18,,$12.00 ,$15.00 ,,
Q5018,DLX STRETCH WEAVING CAP : BLACK,BLACK,R,DZ,1822,$22.50 ,C18,,$30.00 ,$40.00 ,$0.00 ,$0.00 
Q5019,CROCHET WIG CAP : BLACK,BLACK,R,DZ,3574,$13.50 ,C17,,$18.00 ,$24.00 ,$0.00 ,$0.00 
Q502,DLX WEAVING NET (2 PC) : BLACK,BLACK,R,DZ,138,$8.50 ,C17,,$11.00 ,$15.00 ,$0.00 ,$0.00 
Q5020,CROCHET WIG CAP : NATURAL,BEIGE,R,DZ,355,$13.50 ,C16,,$18.00 ,$24.00 ,$0.00 ,$0.00 
Q5021,"MESH WIG CAP (DOME STYLE, XL) : BLACK",BLACK,XL,DZ,8158,$13.50 ,C16,,$18.00 ,$30.00 ,$0.00 ,$0.00 
Q5022,SWISS LACE : BLACK,BLACK,R,DZ,68,$8.50 ,C16,,$12.00 ,$18.00 ,$0.00 ,$0.00 
Q5023,"CORNROW CAP, U-PART : BLACK",BLACK,R,DZ,242,$36.00 ,C16,,$48.00 ,$60.00 ,$0.00 ,$0.00 
Q5024,"CORNROW CAP, STRAIGHT : BLACK",BLACK,R,DZ,431,$36.00 ,C15,,$48.00 ,$60.00 ,$0.00 ,$0.00 
Q5025,"CORNROW CAP, BRAIDED : BLACK",BLACK,R,DZ,314,$36.00 ,C15,,$48.00 ,$60.00 ,$0.00 ,$0.00 
Q5027,SPANDEX DOME CAP (XL) : BLACK,BLACK,XL,DZ,6841,$9.00 ,C15,,$12.00 ,$15.00 ,,
Q5029,"CROCHET WIG CAP, XL : BLACK",BLACK,XL,DZ,955,$13.50 ,C14,,$18.00 ,$24.00 ,$0.00 ,$0.00 
Q503,WEAVING CAP (OPEN TOP) : BLACK,BLACK,R,DZ,879,$5.50 ,C14,,$7.50 ,$9.00 ,$0.00 ,$0.00 
Q5030,"CROCHET WIG CAP, XL : NATURAL",BEIGE,XL,DZ,216,$13.50 ,C14,,$18.00 ,$24.00 ,$0.00 ,$0.00 
Q5031,MESH WIG CAP (DOME STYLE) : NATURAL,NATURAL,R,DZ,1387,$13.50 ,C14,,$18.00 ,$30.00 ,$0.00 ,$0.00 
Q5032,MICRO CROCHET WIG CAP : BLACK,BLACK,R,DZ,1202,$13.50 ,C13,,$18.00 ,$24.00 ,$0.00 ,$0.00 
Q5033,MICRO CROCHET WIG CAP : NATURAL,NATURAL,R,DZ,305,$13.50 ,C13,,$18.00 ,$24.00 ,$0.00 ,$0.00 
Q5034,"MICRO CROCHET WIG CAP, XL : BLACK",BLACK,XL,DZ,460,$13.50 ,C13,,$18.00 ,$24.00 ,$0.00 ,$0.00 
Q5035,"MICRO CROCHET WIG CAP, XL : NATURAL",NATURAL,XL,DZ,236,$13.50 ,C13,,$18.00 ,$24.00 ,$0.00 ,$0.00 
Q5037,SPANDEX DOME CAP : NATURAL,NATURAL,R,DZ,1220,$9.00 ,C12,,$12.00 ,$15.00 ,$0.00 ,$0.00 
Q504,WEAVING CAP (CLOSED TOP) : BLACK,BLACK,R,DZ,2999,$5.50 ,C12,,$7.50 ,$9.00 ,$0.00 ,$0.00 
Q5040,WEAVING CAP 100PCS (CLOSED TOP),N/A,R,PK,277,$38.00 ,C12,,$50.00 ,$60.00 ,$0.00 ,$0.00 
Q5041,"PONY TAIL NET, 5""X5"" : BLACK",BLACK,R,DZ,193,$8.50 ,C11,,$12.00 ,$18.00 ,,
Q5042,"PONY TAIL NET, 9""X9"" : BLACK",BLACK,R,DZ,81,$8.50 ,C11,,$12.00 ,$18.00 ,$0.00 ,$0.00 
Q5043,"SWISS LACE, 4""X4"" : BROWN",BROWN,R,DZ,123,$6.00 ,C11,,$8.50 ,$12.00 ,$0.00 ,$0.00 
Q5044,"SWISS LACE, 13""X4"" : BROWN",BROWN,R,DZ,191,$6.00 ,C11,,$8.50 ,$12.00 ,$0.00 ,$0.00 
Q5045,"LACE TAPE "" A"" TYPE, 50PCS",N/A,R,DZ,927,$18.00 ,C11,,$24.00 ,$36.00 ,$0.00 ,$0.00 
Q5046,"LACE TAPE "" B"" TYPE, 50PCS",N/A,R,DZ,798,$18.00 ,C11,,$24.00 ,$36.00 ,$0.00 ,$0.00 
Q5047,"LACE TAPE ROLL TYPE, 1/2"" x 5 YARD",N/A,R,DZ,1259,$12.00 ,C11,,$18.00 ,$24.00 ,$0.00 ,$0.00 
Q5048,"SUPER HOLD LACE TAPE : A TYPE MINI, 25PCS",N/A,R,DZ,1195,$16.50 ,C10,,$21.00 ,$36.00 ,$0.00 ,$0.00 
Q5049,"SUPER HOLD LACE TAPE : 1"" X 3YD, ROLL",N/A,R,DZ,1477,$13.50 ,C10,,$18.00 ,$24.00 ,$0.00 ,$0.00 
Q505,INVISIABLE NET (3 PC) : BLACK,BLACK,R,DZ,2690,$3.50 ,C10,,$5.50 ,$9.00 ,,
Q5051,"ELASTIC WIG BAND, 1-1/8"" X 1YD : BLACK",BLACK,R,DZ,585,$4.50 ,C10,,$6.00 ,$9.00 ,,
Q5052,"ELASTIC WIG BAND, 1-3/4"" X 1YD : BLACK",BLACK,R,DZ,1052,$5.50 ,C10,,$7.50 ,$10.00 ,,
Q5053,"ELASTIC WIG BAND, 1-1/8"" X 1YD : NATURAL",NATURAL,R,DZ,2032,$4.50 ,C9,,$6.00 ,$9.00 ,$0.00 ,$0.00 
Q5054,"ELASTIC WIG BAND, 1-3/4"" X 1YD : NATURAL",NATURAL,R,DZ,1095,$5.50 ,C9,,$7.50 ,$10.00 ,$0.00 ,$0.00 
Q5055,"ELASTIC WIG BAND, 1-1/8"" X 1YD, W/ SILICONE, ONE SIDE : BLACK",SILICONE,R,DZ,30,$6.50 ,C9,,$9.00 ,$12.00 ,,
Q5056,"ELASTIC WIG BAND, 1-1/8"" X 1YD, W/ SILICONE, DOUBLE SIDE : BLACK",SILICONE,R,DZ,1459,$8.50 ,C9,,$12.00 ,$18.00 ,,
Q5057,"ELASTIC VELVET WIG BAND, 2"" X 11 "" : BLACK",BLACK,R,DZ,921,$6.50 ,C8,,$9.00 ,$12.00 ,,
Q5058,"VELVET WIG GRIP, 2"" X 11"" : BLACK",BLACK,R,DZ,824,$9.00 ,C8,,$12.00 ,$18.00 ,,
Q5059,"VELVET WIG GRIP , 2"" X 11"" : NATURAL",NATURAL,,DZ,284,$9.00 ,C8,,$12.00 ,$18.00 ,,
Q506,TRIANGLE NET : BLACK,BLACK,R,DZ,628,$8.50 ,C8,,$12.00 ,$18.00 ,$0.00 ,$0.00 
Q5061,"STRETCH MESH WIG CAP, MAGIC : BLACK",BLACK,R,DZ,161,$18.00 ,C7,,$24.00 ,$36.00 ,$0.00 ,$0.00 
Q5062,"STRETCH MESH WIG CAP, L : BLACK",BLACK,R,DZ,126,$18.00 ,C7,,$24.00 ,$36.00 ,$0.00 ,$0.00 
Q5063,"STRETCH MESH WIG CAP, LACE TOP : BLACK",BLACK,R,DZ,94,$18.00 ,C7,,$24.00 ,$36.00 ,$0.00 ,$0.00 
Q5064,"STRETCH MESH WIG CAP, FRNT LACE : BLACK",BLACK,R,DZ,623,$18.00 ,C7,,$24.00 ,$36.00 ,$0.00 ,$0.00 
Q5065,CAPLESS WIG CAP : BLACK,BLACK,R,DZ,84,$24.00 ,C6,,$30.00 ,$48.00 ,$0.00 ,$0.00 
Q5066,"CAPLESS WIG CAP, L : BLACK",BLACK,L,DZ,254,$24.00 ,C6,,$30.00 ,$48.00 ,$0.00 ,$0.00 
Q5067,"CAPLESS WIG CAP, FRNT LACE : BLACK",BLACK,R,DZ,58,$24.00 ,C6,,$30.00 ,$48.00 ,$0.00 ,$0.00 
Q5068,"SUPER HOLD LACE TAPE : MESH, 10CM X10pcs",N/A,R,DZ,1037,$22.50 ,C6,,$30.00 ,$40.00 ,$0.00 ,$0.00 
Q5069,"SUPER HOLD LACE TAPE : MESH, 30CM X 50PCS",N/A,R,PK,1784,$22.50 ,C6,,$30.00 ,$40.00 ,$0.00 ,$0.00 
Q507,WAVE NET (2 PCS) : BLACK,BLACK,R,DZ,1650,$4.50 ,C5,,$6.00 ,$9.00 ,,
Q5070,PRF STOCKING WIG CAP : BLACK,BLACK,R,DZ,2845,$6.00 ,E9,,$8.00 ,$10.00 ,$0.00 ,$0.00 
Q5071,PRF STOCKING WIG CAP : D.BROWN,D/BROWN,R,DZ,2200,$6.00 ,E9,,$8.00 ,$10.00 ,$0.00 ,$0.00 
Q5072,PRF STOCKING WIG CAP : BROWN,BROWN,R,DZ,1204,$6.00 ,E10,,$8.00 ,$10.00 ,$0.00 ,$0.00 
Q5073,PRF STOCKING WIG CAP : L.BROWN,L/BROWN,R,DZ,2870,$6.00 ,E11,,$8.00 ,$10.00 ,$0.00 ,$0.00 
Q5074,PRF STOCKING WIG CAP : AUBURN,AUBURN,R,DZ,1032,$6.00 ,E11,,$8.00 ,$10.00 ,$0.00 ,$0.00 
Q5075,PRF STOCKING WIG CAP : NATURAL,BEIGE,R,DZ,681,$6.00 ,E11,,$8.00 ,$10.00 ,$0.00 ,$0.00 
Q5076,PRF STOCKING WIG CAP : CREAM,CREAM,R,DZ,2308,$6.00 ,E12,,$8.00 ,$10.00 ,$0.00 ,$0.00 
Q508,WAVE NET (24 PCS) : BLACK,BLACK,R,PK,590,$4.50 ,C5,,$6.00 ,$9.00 ,,
Q5081,COOL MESH WIG CAP (DOME STYLE) : BLACK,BLACK,R,DZ,257,$11.50 ,C6,,$15.00 ,$24.00 ,$0.00 ,$0.00 
Q5082,FORTIFIED LACE PARTING VELVET ELASTIC WIG GRIP : BLACK,BLACK,,DZ,720,$18.00 ,,,$24.00 ,$36.00 ,,
Q5083,FORTIFIED LACE PARTING VELVET ELASTIC WIG GRIP : BEIGE,BLACK,,DZ,540,$18.00 ,,,$24.00 ,$36.00 ,$0.00 ,$0.00 
Q5084,"ELASTIC WIG BAND, 5/8"" X 1YD : BLACK",BLACK,N/A,DZ,6541,$4.50 ,F3,,$6.00 ,$9.00 ,$0.00 ,$0.00 
Q5085,"ELASTIC WIG BAND, 5/8"" X 1YD : NATURAL",BEIGE,N/A,DZ,1014,$4.50 ,F3,,$6.00 ,$9.00 ,$0.00 ,$0.00 
Q5088,"ELASTIC WIG BAND, 1-1/8"" X 5YD ROLL : BLACK",BLACK,N/A,DZ,3620,$18.00 ,F3,,$24.00 ,$36.00 ,$0.00 ,$0.00 
Q5089,"ELASTIC WIG BAND, 1-1/8"" X 5YD ROLL : NATURAL",BEIGE,N/A,DZ,911,$18.00 ,F3,,$24.00 ,$36.00 ,$0.00 ,$0.00 
Q509,INTER-LOCK SHAMPOO CAP : BLACK,BLACK,R,DZ,520,$8.50 ,C5,,$11.00 ,$15.00 ,$0.00 ,$0.00 
Q5090,"ELASTIC WIG BAND, 1-1/8"" X 1YD, W/ SILI DOT : BLACK",BLACK,N/A,DZ,5223,$9.00 ,F4,,$12.00 ,$24.00 ,$0.00 ,$0.00 
Q5091,LACE PARTING VELVET ELASTIC WIG GRIP : BLACK,BLACK,R,DZ,806,$18.00 ,F6,,$24.00 ,$30.00 ,$0.00 ,$0.00 
Q5092,LACE PARTING VELVET ELASTIC WIG GRIP : NATURAL,NATURAL,R,DZ,369,$18.00 ,F6,,$24.00 ,$30.00 ,$0.00 ,$0.00 
Q5094,"WEFT LACE, 5/8"" X 1YD : BLACK",BLACK,N/A,DZ,3262,$6.00 ,F4,,$9.00 ,$18.00 ,$0.00 ,$0.00 
Q5095,"WEFT LACE, 5/8"" X 1YD : NATURAL",BEIGE,N/A,DZ,1126,$6.00 ,F4,,$9.00 ,$18.00 ,$0.00 ,$0.00 
Q5096,"WEFT LACE, 5/8"" X 5YD ROLL : BLACK",BLACK,N/A,DZ,2004,$18.00 ,F4,,$24.00 ,$36.00 ,$0.00 ,$0.00 
Q5097,"WEFT LACE, 5/8"" X 5YD ROLL : NATURAL",BEIGE,N/A,DZ,988,$18.00 ,F5,,$24.00 ,$36.00 ,$0.00 ,$0.00 
Q5098,"SILICONE DOT WIG GRIP, 1-3/4"" X 17-3/4"" : BLACK",BLACK,N/A,DZ,3047,$9.00 ,F5,,$12.00 ,$24.00 ,$0.00 ,$0.00 
Q5099,"SILICONE DOT WIG GRIP, 1-3/4"" X 17-3/4"" : NATURAL",BEIGE,N/A,DZ,1662,$9.00 ,F5,,$12.00 ,$24.00 ,$0.00 ,$0.00 
Q510,THICK HAIR NET : ASSORT,ASSORT,R,DZ,46,$13.50 ,F17,,$18.00 ,$30.00 ,$0.00 ,$0.00 
Q511,THICK HAIR NET : BLACK,BLACK,R,DZ,2123,$13.50 ,F17,,$18.00 ,$30.00 ,$0.00 ,$0.00 
Q5112,MESH WIG CAP (DOME STYLE) : BROWN,BROWN,R,DZ,2664,$13.50 ,E4,,$18.00 ,$30.00 ,$0.00 ,$0.00 
Q5113,MESH WIG CAP (DOME STYLE) : AUBURN,AUBURN,R,DZ,1336,$13.50 ,E4,,$18.00 ,$30.00 ,$0.00 ,$0.00 
Q5118,SPANDEX DOME CAP : BROWN,BROWN,R,DZ,1477,$9.00 ,E5,,$12.00 ,$15.00 ,$0.00 ,$0.00 
Q5119,SPANDEX DOME CAP : AUBURN,AUBURN,R,DZ,1526,$9.00 ,E5,,$12.00 ,$15.00 ,,
Q512,THICK HAIR NET : WHITE,WHITE,R,DZ,152,$13.50 ,F17,,$18.00 ,$30.00 ,$0.00 ,$0.00 
Q5122,"MESH WIG CAP (DOME STYLE, XL) : BROWN",BROWN,XL,DZ,1414,$13.50 ,E6,,$18.00 ,$30.00 ,$0.00 ,$0.00 
Q5123,"MESH WIG CAP (DOME STYLE, XL) : AUBURN",AUBURN,XL,DZ,1193,$13.50 ,E6,,$18.00 ,$30.00 ,$0.00 ,$0.00 
Q5124,"MESH WIG CAP (DOME STYLE, XL) : NATURAL",BEIGE,XL,DZ,1569,$13.50 ,E7,,$18.00 ,$30.00 ,$0.00 ,$0.00 
Q5128,"SPANDEX DOME CAP, XL : BROWN",BROWN,XL,DZ,1717,$9.00 ,E7,,$12.00 ,$15.00 ,$0.00 ,$0.00 
Q5129,"SPANDEX DOME CAP, XL : AUBURN",AUBURN,XL,DZ,1485,$9.00 ,E8,,$12.00 ,$15.00 ,$0.00 ,$0.00 
Q513,THICK HAIR NET : RED,RED,R,DZ,148,$13.50 ,F17,,$18.00 ,$30.00 ,$0.00 ,$0.00 
Q5130,"SPANDEX DOME CAP, XL : NATURAL",BEIGE,XL,DZ,1387,$9.00 ,E8,,$12.00 ,$15.00 ,$0.00 ,$0.00 
Q514,THICK HAIR NET : NAVY,NAVY,R,DZ,259,$13.50 ,F17,,$18.00 ,$30.00 ,$0.00 ,$0.00 
Q5148,WEAVING NET : BLACK,BLACK,R,PK,464,$6.50 ,C4,,$9.00 ,$15.00 ,$0.00 ,$0.00 
Q5149,BULK WEAVING NET (48.3CMX5M) : BLACK,BLACK,N/A,PK,103,$4.50 ,C4,,$6.00 ,$9.00 ,$0.00 ,$0.00 
Q515,THICK HAIR NET : ROYAL,ROYAL,R,DZ,148,$13.50 ,F17,,$18.00 ,$30.00 ,$0.00 ,$0.00 
Q516,THICK HAIR NET : SKY,SKY BLUE,R,DZ,0,$13.50 ,F17,,$18.00 ,$30.00 ,$0.00 ,$0.00 
Q517,THICK HAIR NET : GRAY,GRAY,R,DZ,38,$13.50 ,F17,,$18.00 ,$30.00 ,$0.00 ,$0.00 
Q518,THICK HAIR NET : BROWN,BROWN,R,DZ,283,$13.50 ,F16,,$18.00 ,$30.00 ,$0.00 ,$0.00 
Q519,THICK HAIR NET : YELLOW,YELLOW,R,DZ,0,$13.50 ,F16,,$18.00 ,$30.00 ,$0.00 ,$0.00 
Q520,THICK HAIR NET : PINK,PINK,R,DZ,65,$13.50 ,F16,,$18.00 ,$30.00 ,$0.00 ,$0.00 
Q521,THICK HAIR NET : BURGUNDY,BURGUNDY,R,DZ,118,$13.50 ,F16,,$18.00 ,$30.00 ,$0.00 ,$0.00 
Q522,THICK HAIR NET : PURPLE,PURPLE,R,DZ,127,$13.50 ,F16,,$18.00 ,$30.00 ,$0.00 ,$0.00 
Q523,THICK HAIR NET : AFRO,AFRO,R,DZ,213,$13.50 ,F16,,$18.00 ,$30.00 ,$0.00 ,$0.00 
Q524,THICK HAIR NET : H.PINK,HOT PINK,R,DZ,109,$13.50 ,F16,,$18.00 ,$30.00 ,$0.00 ,$0.00 
Q527,WAVE NET (2 PCS) : BROWN,BROWN,R,DZ,364,$4.50 ,C5,,$6.00 ,$9.00 ,,
Q528,WAVE NET (24 PCS) : BROWN,BROWN,R,PK,-315,$4.50 ,C5,,$6.00 ,$9.00 ,,
Q529,BULK WEAVING NET (48.3CMX10M) : BLACK,BLACK,N/A,PC,451,$6.50 ,C4,,$9.00 ,$15.00 ,$0.00 ,$0.00 
Q530,TURBAN : ASSORT,ASSORT,R,DZ,310,$12.00 ,C4,,$16.50 ,$24.00 ,,
Q531,TURBAN : BLACK,BLACK,R,DZ,541,$12.00 ,C4,,$16.50 ,$24.00 ,,
Q532,SATIN TURBAN : ASSORT,ASSORT,R,DZ,156,$8.00 ,C3,,$10.50 ,$15.00 ,$0.00 ,$0.00 
Q533,SATIN TURBAN : BLACK,BLACK,R,DZ,127,$8.00 ,C3,,$10.50 ,$15.00 ,$0.00 ,$0.00 
Q534,TURBAN : BLACK & WHITE,BK&WHT,R,DZ,173,$12.00 ,C3,,$16.50 ,$24.00 ,$0.00 ,$0.00 
Q535,TURBAN : WHITE,WHITE,R,DZ,0,$12.00 ,C3,,$16.50 ,$24.00 ,$0.00 ,$0.00 
Q536,T-TOWEL : ASSORT,ASSORT,R,DZ,208,$22.50 ,C2,,$30.00 ,$48.00 ,$0.00 ,$0.00 
Q537,T-TOWEL : BLACK,BLACK,R,DZ,38,$22.50 ,C2,,$30.00 ,$48.00 ,$0.00 ,$0.00 
Q540,KID BONNET : ASSORT,ASSORT,R,DZ,322,$7.50 ,C2,,$10.00 ,$15.00 ,$0.00 ,$0.00 
Q541,KID BONNET : BLACK,BLACK,R,DZ,657,$7.50 ,C2,,$10.00 ,$15.00 ,$0.00 ,$0.00 
Q542,KID WRAP : ASSORT,ASSORT,R,DZ,21,$7.50 ,C1,,$10.00 ,$15.00 ,$0.00 ,$0.00 
Q543,KID WRAP : BLACK,BLACK,R,DZ,61,$7.50 ,C1,,$10.00 ,$15.00 ,$0.00 ,$0.00 
Q544,KID MESH-WRAP : ASSORT,ASSORT,R,DZ,0,$5.50 ,C1,,$7.50 ,$10.00 ,$0.00 ,$0.00 
Q545,KID MESH-WRAP : BLACK,BLACK,R,DZ,119,$5.50 ,C1,,$7.50 ,$10.00 ,$0.00 ,$0.00 
Q546,KID SHOWER-CAP : ASSORT,ASSORT,R,DZ,291,$4.50 ,D22,,$6.00 ,$9.00 ,$0.00 ,$0.00 
Q547,KID SHOWER-CAP : BLACK,BLACK,R,DZ,329,$4.50 ,D22,,$6.00 ,$9.00 ,$0.00 ,$0.00 
Q548,STRETCH NET (2PCS) : BLACK,BLACK,R,DZ,177,$15.00 ,D22,,$21.00 ,$36.00 ,$0.00 ,$0.00 
Q551,DLX CUSTOM WEAVING CAP (XL) : BLACK,BLACK,XL,DZ,348,$18.00 ,D22,,$24.00 ,$36.00 ,$0.00 ,$0.00 
Q552,DELUX WEAVING NET (2 PC) : BROWN,BROWN,R,DZ,249,$8.50 ,D21,,$11.00 ,$15.00 ,$0.00 ,$0.00 
Q553,DELUX WEAVING NET (2 PC) : BLONDE,BLOND,R,DZ,116,$8.50 ,D21,,$11.00 ,$15.00 ,$0.00 ,$0.00 
Q554,WEAVING CAP (OPEN TOP) : BROWN,BROWN,R,DZ,177,$5.50 ,D21,,$7.50 ,$9.00 ,$0.00 ,$0.00 
Q555,WEAVING CAP (OPEN TOP) : NATURAL,BEIGE,R,DZ,414,$5.50 ,D21,,$7.50 ,$9.00 ,$0.00 ,$0.00 
Q556,WEAVING CAP (CLOSED TOP) : BROWN,BROWN,R,DZ,857,$5.50 ,D20,,$7.50 ,$9.00 ,$0.00 ,$0.00 
Q557,WEAVING CAP (CLOSED TOP) : NATURAL,BEIGE,R,DZ,940,$5.50 ,D20,,$7.50 ,$9.00 ,$0.00 ,$0.00 
Q558,DELUX WEAVING NET: FINE,N/A,R,DZ,136,$8.50 ,D20,,$11.00 ,$15.00 ,$0.00 ,$0.00 
Q559,DELUX WEAVING NET: WIDE,N/A,R,DZ,16,$8.50 ,D20,,$11.00 ,$15.00 ,$0.00 ,$0.00 
Q560,BABY KUFI CAP : ASSORT,ASSORT,R,DZ,0,$8.50 ,F16,,$11.00 ,$15.00 ,$0.00 ,$0.00 
Q561,BABY KUFI CAP : BLACK,BLACK,R,DZ,0,$8.50 ,F15,,$11.00 ,$15.00 ,$0.00 ,$0.00 
Q562,BABY KUFI CAP : WHITE,WHITE,R,DZ,4,$8.50 ,F15,,$11.00 ,$15.00 ,$0.00 ,$0.00 
Q563,BABY KUFI CAP : RED,RED,R,DZ,80,$8.50 ,F15,,$11.00 ,$15.00 ,$0.00 ,$0.00 
Q564,BABY KUFI CAP : NAVY,NAVY,R,DZ,91,$8.50 ,F15,,$11.00 ,$15.00 ,$0.00 ,$0.00 
Q565,BABY KUFI CAP : BROWN,BROWN,R,DZ,481,$8.50 ,F15,,$11.00 ,$15.00 ,$0.00 ,$0.00 
Q566,BABY KUFI CAP : PINK,PINK,R,DZ,31,$8.50 ,F15,,$11.00 ,$15.00 ,$0.00 ,$0.00 
Q567,BABY KUFI CAP : H.PINK,HOT PINK,R,DZ,122,$8.50 ,F15,,$11.00 ,$15.00 ,$0.00 ,$0.00 
Q568,BABY KUFI CAP : CREAM,CREAM,R,DZ,92,$8.50 ,F15,,$11.00 ,$15.00 ,$0.00 ,$0.00 
Q569,BABY KUFI CAP : M.PINK,M PINK,R,DZ,122,$8.50 ,F14,,$11.00 ,$15.00 ,$0.00 ,$0.00 
Q570,BABY KUFI CAP : YELLOW,YELLOW,R,DZ,95,$8.50 ,F14,,$11.00 ,$15.00 ,$0.00 ,$0.00 
Q571,BABY KUFI CAP : ROYAL,ROYAL BLUE,R,DZ,164,$8.50 ,F14,,$11.00 ,$15.00 ,$0.00 ,$0.00 
Q572,BABY KUFI CAP : SKY,SKY BLUE,R,DZ,85,$8.50 ,F14,,$11.00 ,$15.00 ,$0.00 ,$0.00 
Q573,BABY KUFI CAP : ORANGE,ORANGE,R,DZ,80,$8.50 ,F14,,$11.00 ,$15.00 ,$0.00 ,$0.00 
Q574,BABY KUFI CAP : GREEN,GREEN,R,DZ,228,$8.50 ,F14,,$11.00 ,$15.00 ,$0.00 ,$0.00 
Q575,BABY KUFI CAP : LIME,LIME,R,DZ,269,$8.50 ,F14,,$11.00 ,$15.00 ,$0.00 ,$0.00 
Q576,BABY KUFI CAP : TAN,TAN,R,DZ,0,$8.50 ,F14,,$11.00 ,$15.00 ,$0.00 ,$0.00 
Q577,BABY KUFI CAP : KHAKI,KHAKI,R,DZ,175,$8.50 ,F13,,$11.00 ,$15.00 ,$0.00 ,$0.00 
Q578,BABY KUFI CAP : LAVENDER,LAVENDER,R,DZ,124,$8.50 ,F13,,$11.00 ,$15.00 ,$0.00 ,$0.00 
Q579,BABY KUFI CAP : BURGUNDY,BURGUNDY,R,DZ,75,$8.50 ,F13,,$11.00 ,$15.00 ,$0.00 ,$0.00 
Q580,BABY KUFI CAP : PURPLE,PURPLE,R,DZ,123,$8.50 ,F13,,$11.00 ,$15.00 ,$0.00 ,$0.00 
Q581,BABY KUFI CAP : D.GRAY,DARK GRAY,R,DZ,82,$8.50 ,F13,,$11.00 ,$15.00 ,$0.00 ,$0.00 
Q582,BABY KUFI CAP : L.GRAY,LIGHT GRAY,R,DZ,17,$8.50 ,F13,,$11.00 ,$15.00 ,$0.00 ,$0.00 
Q583,BABY KUFI CAP : LEMON,LEMON,R,DZ,224,$8.50 ,F13,,$11.00 ,$15.00 ,$0.00 ,$0.00 
Q584,BABY KUFI CAP : GOLD,GOLD,R,DZ,112,$8.50 ,F13,,$11.00 ,$15.00 ,$0.00 ,$0.00 
Q585,BABY KUFI CAP : AQUA,AQUA,R,DZ,110,$8.50 ,F12,,$11.00 ,$15.00 ,$0.00 ,$0.00 
Q586,BABY KUFI CAP : D.BROWN,D. BROWN,R,DZ,172,$8.50 ,F12,,$11.00 ,$15.00 ,$0.00 ,$0.00 
Q587,BABY KUFI CAP : NATURAL,BEIGE,R,DZ,240,$8.50 ,F12,,$11.00 ,$15.00 ,$0.00 ,$0.00 
Q588,BABY KUFI CAP : CRIMSON,CRIMSON,R,DZ,248,$8.50 ,F12,,$11.00 ,$15.00 ,$0.00 ,$0.00 
Q589,BABY KUFI CAP : PEACH,PEACH,R,DZ,56,$8.50 ,F12,,$11.00 ,$15.00 ,$0.00 ,$0.00 
Q590,BABY KUFI CAP : MUSTARD,MUSTARD,R,DZ,168,$8.50 ,F12,,$11.00 ,$15.00 ,$0.00 ,$0.00 
Q591,BABY KUFI CAP : TURQUOISE,TURQUOISE,R,DZ,204,$8.50 ,F12,,$11.00 ,$15.00 ,$0.00 ,$0.00 
Q611,KID KUFI CAP : BLACK,BLACK,R,DZ,228,$9.00 ,F12,,$12.00 ,$15.00 ,$0.00 ,$0.00 
Q612,KID KUFI CAP : WHITE,WHITE,R,DZ,53,$9.00 ,F12,,$12.00 ,$15.00 ,$0.00 ,$0.00 
Q613,KID KUFI CAP : RED,RED,R,DZ,80,$9.00 ,F12,,$12.00 ,$15.00 ,$0.00 ,$0.00 
Q614,KID KUFI CAP : BROWN,BROWN,R,DZ,219,$9.00 ,F12,,$12.00 ,$15.00 ,$0.00 ,$0.00 
Q615,KID KUFI CAP : LAVENDER,LAVENDER,R,DZ,195,$9.00 ,F12,,$12.00 ,$15.00 ,$0.00 ,$0.00 
Q616,KID KUFI CAP : CRREAM,CREAM,R,DZ,91,$9.00 ,F11,,$12.00 ,$15.00 ,$0.00 ,$0.00 
Q617,KID KUFI CAP : L. PINK,L PINK,R,DZ,184,$9.00 ,F11,,$12.00 ,$15.00 ,$0.00 ,$0.00 
Q618,KID KUFI CAP : M. PINK,M PINK,R,DZ,8,$9.00 ,F11,,$12.00 ,$15.00 ,$0.00 ,$0.00 
Q619,KID KUFI CAP : H. PINK,H PINK,R,DZ,0,$9.00 ,F11,,$12.00 ,$15.00 ,$0.00 ,$0.00 
Q620,KID KUFI CAP : CRIMSON,CRIMSON,R,DZ,153,$9.00 ,F11,,$12.00 ,$15.00 ,$0.00 ,$0.00 
Q621,KID KUFI CAP : PEACH,PEACH,R,DZ,160,$9.00 ,F11,,$12.00 ,$15.00 ,$0.00 ,$0.00 
Q622,KID KUFI CAP : MUSTARD,MUSTARD,R,DZ,0,$9.00 ,F11,,$12.00 ,$15.00 ,$0.00 ,$0.00 
Q623,KID KUFI CAP : TURQUOISE,TURQUOISE,R,DZ,89,$9.00 ,F11,,$12.00 ,$15.00 ,$0.00 ,$0.00 
Q624,KID KUFI CAP : LEMON,LEMON,R,DZ,171,$9.00 ,F10,,$12.00 ,$15.00 ,$0.00 ,$0.00 
Q625,KID KUFI CAP : LIME,LIME,R,DZ,120,$9.00 ,F10,,$12.00 ,$15.00 ,$0.00 ,$0.00 
Q629,JUMBO HAIR NET : AFRO,AFRO,J,DZ,174,$22.50 ,D19,,$30.00 ,$48.00 ,$0.00 ,$0.00 
Q630,JUMBO HAIR NET : ASSORT,ASSORT,J,DZ,95,$22.50 ,D19,,$30.00 ,$48.00 ,$0.00 ,$0.00 
Q631,JUMBO HAIR NET : BLACK,BLACK,J,DZ,242,$22.50 ,D19,,$30.00 ,$48.00 ,$0.00 ,$0.00 
Q661,BABY KUFI CAP W/BRIM : BLACK,BLACK,R,DZ,844,$12.00 ,F10,,$18.00 ,$24.00 ,$0.00 ,$0.00 
Q662,BABY KUFI CAP W/BRIM : WHITE,WHITE,R,DZ,859,$12.00 ,F10,,$18.00 ,$24.00 ,$0.00 ,$0.00 
Q663,BABY KUFI CAP W/BRIM : RED,RED,R,DZ,335,$12.00 ,F10,,$18.00 ,$24.00 ,$0.00 ,$0.00 
Q664,BABY KUFI CAP W/BRIM : BROWN,BROWN,R,DZ,392,$12.00 ,F10,,$18.00 ,$24.00 ,$0.00 ,$0.00 
Q665,BABY KUFI CAP W/BRIM : NATURAL,BEIGE,R,DZ,270,$12.00 ,F10,,$18.00 ,$24.00 ,$0.00 ,$0.00 
Q666,BABY KUFI CAP W/BRIM : CREAM,CREAM,R,DZ,359,$12.00 ,F10,,$18.00 ,$24.00 ,$0.00 ,$0.00 
Q667,BABY KUFI CAP W/BRIM : L.PINK,L PINK,R,DZ,567,$12.00 ,F9,,$18.00 ,$24.00 ,$0.00 ,$0.00 
Q668,BABY KUFI CAP W/BRIM : M.PINK,M PINK,R,DZ,80,$12.00 ,F9,,$18.00 ,$24.00 ,$0.00 ,$0.00 
Q669,BABY KUFI CAP W/BRIM : H.PINK,H PINK,R,DZ,440,$12.00 ,F9,,$18.00 ,$24.00 ,$0.00 ,$0.00 
Q671,KID KUFI-CAP : BLACK,BLACK,R,DZ,0,$9.00 ,F9,,$12.00 ,$15.00 ,$0.00 ,$0.00 
Q672,KID KUFI-CAP : WHITE,WHITE,R,DZ,0,$9.00 ,F9,,$12.00 ,$15.00 ,$0.00 ,$0.00 
Q673,KID KUFI-CAP : RED,RED,R,DZ,0,$9.00 ,F9,,$12.00 ,$15.00 ,$0.00 ,$0.00 
Q674,KID KUFI-CAP : BROWN,BROWN,R,DZ,0,$9.00 ,F9,,$12.00 ,$15.00 ,$0.00 ,$0.00 
Q675,KID KUFI-CAP : CREAM,CREAM,R,DZ,0,$9.00 ,F9,,$12.00 ,$15.00 ,$0.00 ,$0.00 
Q676,KID KUFI-CAP : H.PINK,H PINK,R,DZ,0,$9.00 ,F5,,$12.00 ,$15.00 ,$0.00 ,$0.00 
Q677,KID KUFI-CAP : M.PINK,M PINK,R,DZ,0,$9.00 ,F5,,$12.00 ,$15.00 ,$0.00 ,$0.00 
Q678,KID KUFI-CAP : PINK,PINK,R,DZ,0,$9.00 ,F5,,$12.00 ,$15.00 ,$0.00 ,$0.00 
Q679,KID KUFI-CAP : TURQUOISE,TURQUOISE,R,DZ,0,$9.00 ,F5,,$12.00 ,$15.00 ,$0.00 ,$0.00 
Q680,KID KUFI-CAP : CRIMSON,CRIMSON,R,DZ,0,$9.00 ,F5,,$12.00 ,$15.00 ,$0.00 ,$0.00 
Q681,KID KUFI-CAP : LAVENDER,LAVENDER,R,DZ,0,$9.00 ,F5,,$12.00 ,$15.00 ,$0.00 ,$0.00 
Q682,KID KUFI-CAP : PEACH,PEACH,R,DZ,0,$9.00 ,F5,,$12.00 ,$15.00 ,$0.00 ,$0.00 
Q683,KID KUFI-CAP : MUSTARD,MUSTARD,R,DZ,0,$9.00 ,F5,,$12.00 ,$15.00 ,$0.00 ,$0.00 
Q684,KID KUFI-CAP : LIME,LIME,R,DZ,0,$9.00 ,F6,,$12.00 ,$15.00 ,$0.00 ,$0.00 
Q685,KID KUFI-CAP : LEMON,LEMON,R,DZ,0,$9.00 ,F6,,$12.00 ,$15.00 ,$0.00 ,$0.00 
Q7000,LUX DISPLAY SET (200PCS),,,PC,4,$498.40 ,,,$668.80 ,,,
Q7000 DP3,LUX DISPLAY SET (A+B)SET,,,PC,35,$498.40 ,,,$668.80 ,$0.00 ,$0.00 ,$0.00 
Q7000 DP4,LUX DISPLAY SET (C+D)SET,,,PC,35,$0.00 ,,,$0.00 ,$0.00 ,$0.00 ,$0.00 
Q7001,SILK BONNET(XL) (6PC) : ASSORT,ASSORT,XL,PC,502,$10.80 ,J13,,$14.70 ,,,
Q7002,SILK BONNET(XL) (6PC) : ONYX,ONYX,XL,PC,849,$10.80 ,J13,,$14.70 ,,,
Q7003,SILK BONNET(JUMBO) (6PC) : ASSORT,ASSORT,JUMBO,PC,392,$15.30 ,J13,,$20.40 ,,,
Q7004,SILK BONNET(JUMBO) (6PC) : ONYX,ONYX,JUMBO,PC,227,$15.30 ,J13,,$20.40 ,,,
Q7005,SILK BONNET(BRAID) (6PC) : ASSORT,ASSORT,R,PC,828,$15.30 ,J12,,$20.40 ,,,
Q7006,SILK BONNET(BRAID) (6PC) : ONYX,ONYX,R,PC,533,$15.30 ,J12,,$20.40 ,,,
Q7011,SILK PATTERN BONNET (XL) (6PC): AFRO,AFRO,XL,PC,1378,$12.90 ,J12,,$17.40 ,,,
Q7012,SILK PATTERN BONNET (XL) (6PC): LEOPARD,LEO,XL,PC,270,$12.90 ,J11,,$17.40 ,,,
Q7021,SILK PATTERN BONNET (JUMBO) (6PC): AFRO,ASSORT,JUMBO,PC,842,$17.40 ,J12,,$23.40 ,,,
Q7022,SILK PATTERN BONNET (JUMBO) (6PC): LEO,ASSORT,JUMBO,PC,483,$17.40 ,J11,,$23.40 ,,,
Q7031,SILK PATTERN BONNET (BRAID) (6PC): AFRO,ASSORT,R,PC,494,$17.40 ,J11,,$23.40 ,,,
Q7032,SILK PATTERN BONNET (BRAID) (6PC): LEO,ASSORT,R,PC,532,$17.40 ,J11,,$23.40 ,,,
Q7051,SILK SHOWER & CONDITIONING CAP(XL) (6PC) : ASSORT,ASSORT,XL,PC,16,$12.90 ,J10,,$17.40 ,,,
Q7052,SILK SHOWER & CONDITIONING CAP(XL) (6PC) : ONYX,ONYX,XL,PC,-2,$12.90 ,J10,,$17.40 ,,,
Q7053,SILK SHOWER & CONDITIONING CAP(JUMBO) (6PC) : ASSORT,ASSORT,JUMBO,PC,-4,$17.40 ,J10,,$23.40 ,,,
Q7054,SILK SHOWER & CONDITIONING CAP(JUMBO) (6PC) : ONYX,ONYX,JUMBO,PC,0,$17.40 ,J10,,$23.40 ,,,
Q7055,SILK SHOWER & CONDITIONING CAP(BRAID) (6PC) : ASSORT,ASSORT,R,PC,17,$17.40 ,J9,,$23.40 ,,,
Q7056,SILK SHOWER & CONDITIONING CAP(BRAID) (6PC) : ONYX,ONYX,R,PC,-2,$17.40 ,J9,,$23.40 ,,,
Q7061,SILK DAY & NIGHT CAP (XL) (6PC): AFRO,AFRO,XL,PC,444,$15.30 ,J9,,$20.40 ,,,
Q7062,SILK DAY & NIGHT CAP (XL) (6PC): LEOPARD,LEO,XL,PC,468,$15.30 ,J9,,$20.40 ,,,
Q7063,SILK DAY & NIGHT CAP (JUMBO) (6PC): AFRO,AFRO,JUMBO,PC,356,$21.90 ,J8,,$29.10 ,,,
Q7064,SILK DAY & NIGHT CAP (JUMBO) (6PC): LEOPARD,LEO,JUMBO,PC,356,$21.90 ,J8,,$29.10 ,,,
Q7065,SILK DAY & NIGHT CAP (BRAID) (6PC): AFRO,AFRO,R,PC,236,$21.90 ,J8,,$29.10 ,,,
Q7066,SILK DAY & NIGHT CAP (BRAID) (6PC): LEOPARD,LEO,R,PC,228,$21.90 ,J8,,$29.10 ,,,
Q7071,SILK TIE BONNET (6PC): AFRO,AFRO,R,PC,884,$15.30 ,J7,,$20.40 ,,,
Q7072,SILK TIE BONNET (6PC): LEOPARD,LEO,R,PC,-12,$15.30 ,J7,,$20.40 ,,,
Q7081,SILK SQUARE SCARF (6PC): AFRO,AFRO,R,PC,-6,$15.30 ,J7,,$20.40 ,,,
Q7082,SILK SQUARE SCARF (6PC): LEOPARD,LEO,R,PC,-40,$15.30 ,J7,,$20.40 ,,,
Q7083,SILK LONG SCARF (6PC): AFRO,AFRO,R,PC,306,$15.30 ,J6,,$20.40 ,,,
Q7084,SILK LONG SCARF (6PC): LEOPARD,LEO,R,PC,462,$15.30 ,J6,,$20.40 ,,,
Q7091,SILK EDGE BAND (6PC): AFRO,AFRO,R,PC,1700,$12.90 ,J6,,$17.40 ,,,
Q7092,SILK EDGE BAND (6PC): LEOPARD,LEO,R,PC,264,$12.90 ,J6,,$17.40 ,,,
Q7101,SILK WRAP (6PC): AFRO,AFRO,R,PC,211,$10.80 ,J5,,$14.70 ,,,
Q7102,SILK WRAP (6PC): LEOPARD,LEO,R,PC,402,$10.80 ,J5,,$14.70 ,,,
Q7111,VELVET TIE BONNET (XL) (6PC): ASSORT,ASSORT,XL,PC,463,$15.30 ,J5,,$20.40 ,,,
Q7112,VELVET TIE BONNET (XL) (6PC): BLACK,BLACK,XL,PC,174,$15.30 ,J5,,$20.40 ,,,
Q7113,VELVET TIE BONNET (JUMBO) (6PC): ASSORT,ASSORT,JUMBO,PC,451,$19.50 ,J4,,$26.10 ,,,
Q7114,VELVET TIE BONNET (JUMBO) (6PC): BLACK,BLACK,JUMBO,PC,157,$19.50 ,J4,,$26.10 ,,,
Q7115,VELVET TIE BONNET (BRAID) (6PC): ASSORT,ASSORT,R,PC,-2,$19.50 ,J4,,$26.10 ,,,
Q7116,VELVET TIE BONNET (BRAID) (6PC): BLACK,BLACK,R,PC,10,$19.50 ,J4,,$26.10 ,,,
Q712,DREADLOCKS TUBE : ASSORT,ASSORT,R,DZ,-1,$12.00 ,D19,,$16.50 ,$24.00 ,$0.00 ,$0.00 
Q7121,VELVET TURBAN (6PC): ASSORT,ASSORT,R,PC,479,$12.90 ,J4,,$17.40 ,,,
Q7122,VELVET TURBAN (6PC): BLACK,BLACK,R,PC,475,$12.90 ,J4,,$17.40 ,,,
Q713,DREADLOCKS TUBE : BLACK,BLACK,R,DZ,62,$12.00 ,D18,,$16.50 ,$24.00 ,$0.00 ,$0.00 
Q7301,KID SILK BONNET (6PC): ASSORT,ASSORT,R,PC,524,$8.70 ,J3,,$11.70 ,,,
Q7302,KID SILK BONNET (6PC): ONYX,ONYX,R,PC,516,$8.70 ,J3,,$11.70 ,,,
Q7303,KID SILK PATTERN BONNET (6PC): AFRO,AFRO,R,PC,308,$10.80 ,J2,,$14.70 ,,,
Q7304,KID SILK PATTERN BONNET (6PC): LEOPARD,LEO,R,PC,346,$10.80 ,J2,,$14.70 ,,,
Q7305,KID SILK SHOWER & CONDITIONING CAP(6PC) : ASSORT,ASSORT,R,PC,-2,$10.80 ,J2,,$14.70 ,,,
Q7306,KID SILK SHOWER & CONDITIONING CAP(6PC) : ONYX,ONYX,R,PC,43,$10.80 ,J2,,$14.70 ,,,
Q7307,KID VELVET BONNET (6PC): ASSORT,ASSORT,R,PC,-14,$10.80 ,J1,,$14.70 ,,,
Q7308,KID VELVET BONNET (6PC): BLACKK,BLACK,R,PC,-2,$10.80 ,J1,,$14.70 ,,,
Q770,BERET (SPRING & FALL) : ASSORT,ASSORT,R,DZ,0,$21.00 ,N/A,,$28.00 ,$40.00 ,$0.00 ,$0.00 
Q800,OGN STOCKING WIG CAP (2PCS) : BLACK,BLACK,R,DZ,3010,$4.50 ,D6,,$6.00 ,$9.00 ,$0.00 ,$0.00 
Q8000,PRM SJ SILKY & CONDITIONING SLEEP CAP : ASSORT,ASSORT,R,DZ,-3,$24.00 ,D16,,$30.00 ,$48.00 ,$0.00 ,$0.00 
Q8001,PRM SJ SILKY & CONDITIONING SLEEP CAP : BLK,BLACK,R,DZ,128,$24.00 ,D16,,$30.00 ,$48.00 ,$0.00 ,$0.00 
Q8002,PRM SILKY PADDED CONDITIONING BRAID CAP : ASSORT,ASSORT,R,DZ,-4,$24.00 ,D16,,$30.00 ,$48.00 ,$0.00 ,$0.00 
Q8003,PRM SILKY PADDED CONDITIONING BRAID CAP : BLACK,BLACK,R,DZ,141,$24.00 ,D16,,$30.00 ,$48.00 ,$0.00 ,$0.00 
Q801,OGN STOCKING WIG CAP (5PCS) : BLK,BLACK,R,DZ,1384,$8.50 ,D17,,$12.00 ,$15.00 ,$0.00 ,$0.00 
Q802,OGN STOCKING WIG CAP (2PCS) : BROWN,BROWN,R,DZ,482,$4.50 ,D15,,$6.00 ,$9.00 ,$0.00 ,$0.00 
Q8020,PRM SILKY & SOFT TIE BONNET : ASSORT,ASSORT,R,DZ,-1,$15.00 ,D15,,$21.00 ,$28.00 ,$0.00 ,$0.00 
Q8021,PRM SILKY & SOFT TIE BONNET : BLACK,BLACK,R,DZ,92,$15.00 ,D15,,$21.00 ,$28.00 ,$0.00 ,$0.00 
Q803,OGN STOCKING WIG CAP (2PCS) : NATURAL,NATURAL,R,DZ,2030,$4.50 ,D15,,$6.00 ,$9.00 ,$0.00 ,$0.00 
Q804,OGN STOCKING WIG CAP (DLX) : BLK,BLACK,R,DZ,1354,$4.50 ,D14,,$6.00 ,$9.00 ,$0.00 ,$0.00 
Q805,OGN STOCKING WIG CAP (DLX) : BROWN,BROWN,R,DZ,374,$4.50 ,D14,,$6.00 ,$9.00 ,$0.00 ,$0.00 
Q806,OGN STOCKING WIG CAP (DLX) : NATURAL,NATURAL,R,DZ,728,$4.50 ,D14,,$6.00 ,$9.00 ,$0.00 ,$0.00 
Q807,OGN STOCKING WIG CAP (DLX) : BURGUNDY,BURGUNDY,R,DZ,262,$4.50 ,D14,,$6.00 ,$9.00 ,$0.00 ,$0.00 
Q808,OGN BRAID CYLINDER : BLACK,BLACK,R,DZ,449,$6.00 ,D13,,$8.00 ,$12.00 ,$0.00 ,$0.00 
Q8081,PRM STOCKING BRAID CYLINDER : BLACK,BLACK,R,DZ,311,$9.00 ,D5,,$12.00 ,$18.00 ,$0.00 ,$0.00 
Q809,OGN STOCKING WIG CAP (2PCS) : L.BROWN,L/BROWN,R,DZ,610,$4.50 ,D13,,$6.00 ,$9.00 ,$0.00 ,$0.00 
Q810,OGN DOUBLE MESH WRAP : ASSORT,ASSORT,R,DZ,144,$12.50 ,D13,,$16.50 ,$24.00 ,$0.00 ,$0.00 
Q811,OGN DOUBLE MESH WRAP : BLACK,BLACK,R,DZ,345,$12.50 ,D13,,$16.50 ,$24.00 ,$0.00 ,$0.00 
Q812,OGN FOAM MESH WRAP : AST,ASSORT,R,DZ,140,$12.50 ,D12,,$16.50 ,$24.00 ,$0.00 ,$0.00 
Q813,OGN FOAM MESH WRAP : BLACK,BLACK,R,DZ,84,$12.50 ,D12,,$16.50 ,$24.00 ,$0.00 ,$0.00 
Q814,OGN OPEN WRAP : ASSORT,ASSORT,R,DZ,48,$6.50 ,D12,,$8.50 ,$12.00 ,$0.00 ,$0.00 
Q815,OGN OPEN WRAP : BLACK,BLACK,R,DZ,234,$6.50 ,D12,,$8.50 ,$12.00 ,$0.00 ,$0.00 
Q816,OGN FOAM WRAP : ASSORT,ASSORT,R,DZ,42,$12.50 ,D12,,$16.50 ,$24.00 ,$0.00 ,$0.00 
Q817,OGN FOAM WRAP : BLK,BLACK,R,DZ,62,$12.50 ,D12,,$16.50 ,$24.00 ,$0.00 ,$0.00 
Q818,OGN EXTRA FIRM MESH WRAP : ASSORT,ASSORT,R,DZ,41,$9.00 ,D11,,$12.00 ,$18.00 ,$0.00 ,$0.00 
Q819,OGN EXTRA FIRM MESH WRAP : BLACK,BLACK,R,DZ,93,$9.00 ,D11,,$12.00 ,$18.00 ,$0.00 ,$0.00 
Q820,OGN SLEEP CAP : ASSORT,ASSORT,R,DZ,249,$12.50 ,D11,,$16.50 ,$24.00 ,$0.00 ,$0.00 
Q821,OGN SLEEP CAP : BLK,BLACK,R,DZ,390,$12.50 ,D4,,$16.50 ,$24.00 ,$0.00 ,$0.00 
Q822,OGN SLEEP CAP (XL) : ASSORT,ASSORT,XL,DZ,92,$13.50 ,D10,,$18.00 ,$24.00 ,$0.00 ,$0.00 
Q823,OGN SLEEP CAP (XL) : BLACK,BLACK,XL,DZ,536,$13.50 ,D4,,$18.00 ,$24.00 ,$0.00 ,$0.00 
Q824,OGN SLEEP CAP (DS) : ASSORT,ASSORT,R,DZ,208,$13.50 ,D10,,$18.00 ,$24.00 ,$0.00 ,$0.00 
Q825,OGN SLEEP CAP (DS) : BLK,BLACK,R,DZ,142,$13.50 ,D10,,$18.00 ,$24.00 ,$0.00 ,$0.00 
Q826,OGN BONNET : AST,ASSORT,R,DZ,158,$12.50 ,D9,,$16.50 ,$24.00 ,$0.00 ,$0.00 
Q827,OGN BONNET : BLK,BLACK,R,DZ,350,$12.50 ,D9,,$16.50 ,$24.00 ,$0.00 ,$0.00 
Q828,OGN BONNET (XL) : AST,ASSORT,XL,DZ,213,$13.50 ,D3,,$18.00 ,$24.00 ,$0.00 ,$0.00 
Q829,OGN BONNET (XL) : BLk,BLACK,XL,DZ,77,$13.50 ,D3,,$18.00 ,$24.00 ,$0.00 ,$0.00 
Q830,OGN OVER WRAP ; AST,ASSORT,R,DZ,127,$12.50 ,D8,,$16.50 ,$24.00 ,$0.00 ,$0.00 
Q831,OGN OVER WRAP ; BLACK,BLACK,R,DZ,223,$12.50 ,D8,,$16.50 ,$24.00 ,$0.00 ,$0.00 
Q832,OGN SCARF : ASSORT,ASSORT,R,DZ,70,$13.50 ,D8,,$18.00 ,$24.00 ,$0.00 ,$0.00 
Q833,OGN SCARF : BLACK,BLACK,R,DZ,303,$13.50 ,D8,,$18.00 ,$24.00 ,$0.00 ,$0.00 
Q834,OGN BAGGING CAP : AST,ASSORT,R,DZ,407,$16.50 ,D7,,$24.00 ,$36.00 ,$0.00 ,$0.00 
Q835,OGN BAGGING CAP : BLK,BLACK,R,DZ,335,$16.50 ,D7,,$24.00 ,$36.00 ,$0.00 ,$0.00 
Q836,OGN BRAID BONNET : AST,ASSORT,R,DZ,159,$13.50 ,D7,,$18.00 ,$24.00 ,$0.00 ,$0.00 
Q837,OGN BRAID BONNET : BLk,BLACK,R,DZ,544,$13.50 ,D3,,$18.00 ,$24.00 ,$0.00 ,$0.00 
Q838,OGN FLIP OVER HEADWRAP : ASSORT,ASSORT,R,DZ,106,$13.50 ,D6,,$18.00 ,$30.00 ,$0.00 ,$0.00 
Q839,OGN FLIP OVER HEADWRAP : BLACK,BLACK,R,DZ,14,$13.50 ,D6,,$18.00 ,$30.00 ,$0.00 ,$0.00 
Q840,OGN DLX CUSTOM WEAVING CAP : BLACK,BLACK,R,DZ,275,$21.00 ,D5,,$27.00 ,$48.00 ,$0.00 ,$0.00 
Q841,OGN WEAVING NET : BLK,BLACK,R,DZ,246,$12.50 ,D5,,$16.50 ,$24.00 ,$0.00 ,$0.00 
Q8411,OGN WEAVING NET : BROWN,BROWN,R,DZ,56,$12.50 ,D5,,$16.50 ,$24.00 ,$0.00 ,$0.00 
Q8412,OGN WEAVING NET : NATURAL,NATURAL,R,DZ,31,$12.50 ,D5,,$16.50 ,$24.00 ,$0.00 ,$0.00 
Q8413,OGN WEAVING NET: FINE,N/A,R,DZ,44,$12.50 ,D4,,$16.50 ,$24.00 ,$0.00 ,$0.00 
Q8414,OGN WEAVING NET : WIDE,N/A,R,DZ,1,$12.50 ,D4,,$16.50 ,$24.00 ,$0.00 ,$0.00 
Q842,OGN WIG LINER (OPEN TOP) : BLACK,BLACK,R,DZ,500,$6.50 ,D4,,$8.50 ,$12.00 ,$0.00 ,$0.00 
Q8421,OGN WIG LINER (OPEN TOP) : BROWN,BROWN,R,DZ,75,$6.50 ,D4,,$8.50 ,$12.00 ,$0.00 ,$0.00 
Q8422,OGN WIG LINER (OPEN TOP) : NATURAL,NATURAL,R,DZ,29,$6.50 ,D3,,$8.50 ,$12.00 ,$0.00 ,$0.00 
Q843,OGN WEAVING CAP (CLOSE TOP) : BLACK,BLACK,R,DZ,1213,$6.50 ,D3,,$8.50 ,$12.00 ,$0.00 ,$0.00 
Q8431,OGN WEAVING CAP (CLOSE TOP) : BROWN,BROWN,R,DZ,126,$6.50 ,D3,,$8.50 ,$12.00 ,$0.00 ,$0.00 
Q8432,OGN WEAVING CAP (CLOSE TOP) : NATURAL,BEIGE,R,DZ,113,$6.50 ,D3,,$8.50 ,$12.00 ,$0.00 ,$0.00 
Q844,OGN SPANDEX CAP : ASSORT,ASSORT,R,DZ,145,$12.50 ,D2,,$16.50 ,$24.00 ,$0.00 ,$0.00 
Q845,OGN SPANDEX CAP : BLACK,BLACK,R,DZ,335,$12.50 ,D2,,$16.50 ,$24.00 ,,
Q846,OGN SPANDEX WRAP : ASSORT,ASSORT,R,DZ,76,$12.50 ,D2,,$16.50 ,$24.00 ,$0.00 ,$0.00 
Q847,OGN SPANDEX WRAP : BLACK,BLACK,R,DZ,78,$12.50 ,D2,,$16.50 ,$24.00 ,$0.00 ,$0.00 
Q848,OGN STRETCH NET(2PCS) : BLACK,BLACK,R,DZ,98,$15.00 ,D1,,$21.00 ,$36.00 ,$0.00 ,$0.00 
Q8481,OGN MESH TUBE BONNET : BLK,BLACK,R,DZ,84,$18.00 ,D1,,$24.00 ,$36.00 ,$0.00 ,$0.00 
Q849,OGN PATTERNED SLEEP CAP :  AST,ASSORT,R,DZ,454,$13.50 ,D1,,$18.00 ,$24.00 ,$0.00 ,$0.00 
Q8491,OGN PATTERNED MESH WRAP : AST,ASSORT,R,DZ,207,$12.50 ,D1,,$16.50 ,$24.00 ,$0.00 ,$0.00 
Q8492,OGN PATTERNED MESH SCARF : AST,ASSORT,R,DZ,468,$13.50 ,E22,,$18.00 ,$24.00 ,$0.00 ,$0.00 
Q8493,OGN PATTERNED BRAID BONNET  : AST,ASSORT,R,DZ,272,$13.50 ,E8,,$18.00 ,$24.00 ,$0.00 ,$0.00 
Q850,OGN KID SLEEP CAP : AST,ASSORT,R,DZ,-28,$11.50 ,E8,,$15.00 ,$24.00 ,$0.00 ,$0.00 
Q851,OGN KID SLEEP CAP : BLK,BLACK,R,DZ,164,$11.50 ,E8,,$15.00 ,$24.00 ,$0.00 ,$0.00 
Q852,OGN KID BONNET : AST,ASSORT,R,DZ,136,$11.50 ,E21,,$15.00 ,$24.00 ,$0.00 ,$0.00 
Q853,OGN KID BONNET : BLK,BLACK,R,DZ,147,$11.50 ,E7,,$15.00 ,$24.00 ,$0.00 ,$0.00 
Q854,OGN KID DOUBLE MESH WRAP : ASSORT,ASSORT,R,DZ,11,$11.50 ,E21,,$15.00 ,$24.00 ,$0.00 ,$0.00 
Q855,OGN KID DOUBLE MESH WRAP : BLACK,BLACK,R,DZ,44,$11.50 ,E21,,$15.00 ,$24.00 ,$0.00 ,$0.00 
Q856,OGN KID FOAM MESH WRAP : ASSORT,ASSORT,R,DZ,14,$11.50 ,E20,,$15.00 ,$24.00 ,$0.00 ,$0.00 
Q857,OGN KID FOAM MESH WRAP : BLACK,BLACK,R,DZ,49,$11.50 ,E20,,$15.00 ,$24.00 ,$0.00 ,$0.00 
Q858,OGN KID FIRM MESH WRAP : ASSORT,ASSORT,R,DZ,57,$8.50 ,E20,,$11.00 ,$18.00 ,$0.00 ,$0.00 
Q859,OGN KID FIRM MESH WRAP : BLACK,BLACK,R,DZ,39,$8.50 ,E20,,$11.00 ,$18.00 ,$0.00 ,$0.00 
Q865,OGN PADDED BONNET : AST,ASSORT,R,DZ,-2,$18.00 ,E19,,$24.00 ,$36.00 ,$0.00 ,$0.00 
Q866,OGN PADDED BONNET : BLK,BLACK,R,DZ,-19,$18.00 ,E19,,$24.00 ,$36.00 ,$0.00 ,$0.00 
Q867,OGN SHOWER & CONDI CAP (XL) : AST,ASSORT,XL,DZ,0,$16.50 ,E19,,$24.00 ,$30.00 ,$0.00 ,$0.00 
Q868,OGN SHOWER & CONDI CAP (XL) : BLK,BLACK,XL,DZ,301,$16.50 ,E19,,$24.00 ,$30.00 ,$0.00 ,$0.00 
Q869,BERET : L. ASSORT,ASSORT,R,DZ,0,$22.50 ,N/A,,$30.00 ,$48.00 ,$0.00 ,$0.00 
Q870,BERET :  ASSORT,ASSORT,R,DZ,529,$22.50 ,F2,,$30.00 ,$48.00 ,$0.00 ,$0.00 
Q871,BERET (SPRING&SUMMER) : BLACK,BLACK,R,DZ,1269,$22.50 ,F2,,$30.00 ,$48.00 ,$0.00 ,$0.00 
Q872,BERET (SPRING&SUMMER) : WHITE,WHITE,R,DZ,0,$22.50 ,F2,,$30.00 ,$48.00 ,$0.00 ,$0.00 
Q873,BERET (SPRING&SUMMER) : L.GRAY,L.GRAY,R,DZ,0,$22.50 ,F1,,$30.00 ,$48.00 ,$0.00 ,$0.00 
Q874,BERET (SPRING&SUMMER) : RED,RED,R,DZ,0,$22.50 ,F2,,$30.00 ,$48.00 ,$0.00 ,$0.00 
Q875,BERET (SPRING&SUMMER) : NAVY,NAVY,R,DZ,0,$22.50 ,F2,,$30.00 ,$48.00 ,$0.00 ,$0.00 
Q876,BERET (SPRING&SUMMER) : BROWN,BROWN,R,DZ,0,$22.50 ,F2,,$30.00 ,$48.00 ,$0.00 ,$0.00 
Q877,BERET (SPRING&SUMMER) : L.PINK,L.PINK,R,DZ,0,$22.50 ,F2,,$30.00 ,$48.00 ,$0.00 ,$0.00 
Q878,BERET (SPRING&SUMMER) : YELLOW,YELLOW,R,DZ,0,$22.50 ,F2,,$30.00 ,$48.00 ,$0.00 ,$0.00 
Q879,BERET (SPRING&SUMMER) : PURPLE,PURPLE,R,DZ,0,$22.50 ,F1,,$30.00 ,$48.00 ,$0.00 ,$0.00 
Q880,BERET (SPRING&SUMMER) : BURGUNDY,BURGUNDY,R,DZ,0,$22.50 ,F1,,$30.00 ,$48.00 ,$0.00 ,$0.00 
Q881,BERET (SPRING&SUMMER) : ROYAL,R.BLUE,R,DZ,0,$22.50 ,F1,,$30.00 ,$48.00 ,$0.00 ,$0.00 
Q882,BERET (SPRING&SUMMER) : H.PINK,H.PINK,R,DZ,0,$22.50 ,F1,,$30.00 ,$48.00 ,$0.00 ,$0.00 
Q883,BERET (SPRING&SUMMER) : OLIVE,OLIVE,R,DZ,0,$22.50 ,F1,,$30.00 ,$48.00 ,$0.00 ,$0.00 
Q884,BERET (SPRING&SUMMER) : TURQUOISE,TURQUOISE,R,DZ,0,$22.50 ,F1,,$30.00 ,$48.00 ,$0.00 ,$0.00 
Q885,BERET (SPRING&SUMMER) : LEMON,LEMON,R,DZ,0,$22.50 ,F1,,$30.00 ,$48.00 ,$0.00 ,$0.00 
Q886,BERET (SPRING&SUMMER) : KHAKI,KHAKI,R,DZ,0,$22.50 ,F1,,$30.00 ,$48.00 ,$0.00 ,$0.00 
Q887,BERET (SPRING&SUMMER) : NATURAL,BEIGE,R,DZ,0,$22.50 ,G22,,$30.00 ,$48.00 ,$0.00 ,$0.00 
Q888,BERET (SPRING&SUMMER) : ORANGE,ORANGE,R,DZ,0,$22.50 ,G22,,$30.00 ,$48.00 ,$0.00 ,$0.00 
Q889,BERET (SPRING&SUMMER) : CREAM,CREAM,R,DZ,0,$22.50 ,G22,,$30.00 ,$48.00 ,$0.00 ,$0.00 
Q890,BERET (SPRING&SUMMER) : AFRO,AFRO,R,DZ,0,$22.50 ,G22,,$30.00 ,$48.00 ,$0.00 ,$0.00 
Q891,BERET (SPRING&SUMMER) : LAVENDER,LAVENDER,R,DZ,0,$22.50 ,G22,,$30.00 ,$48.00 ,$0.00 ,$0.00 
Q892,BERET (SPRING&SUMMER) : CREAM,CRIMSON,R,DZ,0,$22.50 ,G22,,$30.00 ,$48.00 ,$0.00 ,$0.00 
Q893,BERET (SPRING&SUMMER) : PEACH,PEACH,R,DZ,0,$22.50 ,G22,,$30.00 ,$48.00 ,$0.00 ,$0.00 
Q894,OGN DAY&NIGHT CAP (XL) : ASSORT,ASSORT,XL,DZ,105,$16.50 ,E18,,$24.00 ,$30.00 ,$0.00 ,$0.00 
Q895,OGN DAY&NIGHT CAP (XL) : BLACK,BLACK,XL,DZ,46,$16.50 ,E18,,$24.00 ,$30.00 ,$0.00 ,$0.00 
Q896,OGN SUPER-JUMBO SLEEP CAP : ASSORT,ASSORT,J,DZ,136,$15.00 ,E6,,$21.00 ,$30.00 ,$0.00 ,$0.00 
Q897,OGN SUPER-JUMBO SLEEP CAP : BLACK,BLACK,J,DZ,343,$15.00 ,E6,,$21.00 ,$30.00 ,$0.00 ,$0.00 
Q898,OGN SUPER-JUMBO BONNET : ASSORT,ASSORT,J,DZ,0,$15.00 ,E6,,$21.00 ,$30.00 ,$0.00 ,$0.00 
Q899,OGN SUPER-JUMBO BONNET : BLACK,BLACK,J,DZ,106,$15.00 ,E6,,$21.00 ,$30.00 ,$0.00 ,$0.00 
Q9000,VELVET SLEEP CAP : ASSORT,ASSORT,R,DZ,19,$22.50 ,H13,,$30.00 ,$40.00 ,$0.00 ,$0.00 
Q9001,VELVET SLEEP CAP : BLACK,BLACK,R,DZ,-2,$22.50 ,H13,,$30.00 ,$40.00 ,$0.00 ,$0.00 
Q9002,VELVET LADY DURAG : ASSORT,ASSORT,R,DZ,551,$22.50 ,H12,,$30.00 ,$40.00 ,$0.00 ,$0.00 
Q9003,VELVET LADY DURAG : BLACK,BLACK,R,DZ,149,$22.50 ,H13,,$30.00 ,$40.00 ,$0.00 ,$0.00 
Q9004,GLITTERING BONNET (L) : ASSORT,ASSORT,L,DZ,1462,$22.50 ,H13,,$30.00 ,$40.00 ,$0.00 ,$0.00 
Q9006,GLITTERING BONNET (J) : ASSORT,ASSORT,JUMBO,DZ,1112,$36.00 ,H12,,$48.00 ,$72.00 ,$0.00 ,$0.00 
Q9008,GLITTERING BRAID BONNET : ASSORT,ASSORT,JUMBO,DZ,1175,$36.00 ,H12,,$48.00 ,$72.00 ,$0.00 ,$0.00 
SIGN BOARD,SIGN BOARD,,,,500,$0.00 ,,,$0.00 ,$0.00 ,$0.00 ,$0.00 
SPONGE,SPONGE,,,,500,$0.00 ,,,$0.00 ,$0.00 ,$0.00 ,$0.00 
STICKER,STICKER,,,,1000,$1.40 ,,,$1.40 ,$1.40 ,$1.40 ,$1.40 
STICKER COBRA,STICKER COBRA,,,,200,$0.00 ,,,$0.00 ,$0.00 ,$0.00 ,$0.00 
V3001,BIG SHIRT(M/L) : BLACK,BLACK,M/L,PC,6,$7.50 ,I4,,$10.00 ,$15.00 ,$0.00 ,$0.00 
V3002,BIG SHIRT(XL/2XL) : BLACK,BLACK,XL/2XL,PC,93,$7.50 ,I4,,$10.00 ,$15.00 ,$0.00 ,$0.00 
V3011,BIG SHIRT(M/L) : WHITE,WHITE,M/L,PC,96,$7.50 ,I4,,$10.00 ,$15.00 ,$0.00 ,$0.00 
V3012,BIG SHIRT(XL/2XL) : WHITE,WHITE,XL/2XL,PC,145,$7.50 ,I4,,$10.00 ,$15.00 ,$0.00 ,$0.00 
V3021,BIG SHIRT(M/L) : BLUE,BLUE,M/L,PC,7,$7.50 ,I4,,$10.00 ,$15.00 ,$0.00 ,$0.00 
V3022,BIG SHIRT(XL/2XL) : BLUE,BLUE,XL/2XL,PC,148,$7.50 ,I4,,$10.00 ,$15.00 ,$0.00 ,$0.00 
V3031,BIG SHIRT(M/L) : H.PINK,HOT PINK,M/L,PC,11,$7.50 ,I4,,$10.00 ,$15.00 ,$0.00 ,$0.00 
V3032,BIG SHIRT(XL/2XL) :  H.PINK,HOT PINK,XL/2XL,PC,145,$7.50 ,I4,,$10.00 ,$15.00 ,$0.00 ,$0.00 
V3101,LONG VEST(M/L) : BLACK,BLACK,M/L,PC,120,$7.50 ,L16,,$10.00 ,$15.00 ,$0.00 ,$0.00 
V3102,LONG VEST(XL/2XL) : BLACK,BLACK,XL/2XL,PC,66,$7.50 ,L16,,$10.00 ,$15.00 ,$0.00 ,$0.00 
V3111,LONG VEST(M/L) : WHITE,WHITE,M/L,PC,54,$7.50 ,L1,,$10.00 ,$15.00 ,$0.00 ,$0.00 
V3112,LONG VEST(XL/2XL) : WHITE,WHITE,XL/2XL,PC,22,$7.50 ,L1,,$10.00 ,$15.00 ,$0.00 ,$0.00 
V3121,LONG VEST(M/L) : BLUE,BLUE,M/L,PC,0,$7.50 ,L1,,$10.00 ,$15.00 ,$0.00 ,$0.00 
V3122,LONG VEST(XL/2XL) : BLUE,BLUE,XL/2XL,PC,38,$7.50 ,L1,,$10.00 ,$15.00 ,$0.00 ,$0.00 
V3131,LONG VEST(M/L) : PURPLE,PURPLE,M/L,PC,0,$7.50 ,L1,,$10.00 ,$15.00 ,$0.00 ,$0.00 
V3132,LONG VEST(XL/2XL) : PURPLE,PURPLE,XL/2XL,PC,0,$7.50 ,L1,,$10.00 ,$15.00 ,$0.00 ,$0.00 
V3200,BARBER JACKET (S/M) : BLACK,BLACK,S/M,PC,214,$8.50 ,L16,,$11.00 ,$15.00 ,$0.00 ,$0.00 
V3201,BARBER JACKET (L) : BLACK,BLACK,L,PC,35,$8.50 ,L16,,$11.00 ,$15.00 ,$0.00 ,$0.00 
V3202,BARBER JACKET (XL) : BLACK,BLACK,XL,PC,234,$8.50 ,L16,,$11.00 ,$15.00 ,$0.00 ,$0.00 
V3203,BARBER JACKET (2XL) : BLACK,BLACK,2XL,PC,131,$8.50 ,L16,,$11.00 ,$15.00 ,$0.00 ,$0.00 
V3204,BARBER JACKET (3XL) : BLACK,BLACK,3XL,PC,145,$9.00 ,L16,,$12.00 ,$15.00 ,$0.00 ,$0.00 
V3205,BARBER JACKET (4XL) : BLACK,BLACK,4XL,PC,22,$9.00 ,L16,,$12.00 ,$15.00 ,$0.00 ,$0.00 
V3210,BARBER JACKET (S/M) : WHITE,WHITE,S/M,PC,107,$8.50 ,L16,,$11.00 ,$15.00 ,$0.00 ,$0.00 
V3211,BARBER JACKET (L) : WHITE,WHITE,L,PC,106,$8.50 ,L16,,$11.00 ,$15.00 ,$0.00 ,$0.00 
V3212,BARBER JACKET (XL) : WHITE,WHITE,XL,PC,53,$8.50 ,L16,,$11.00 ,$15.00 ,$0.00 ,$0.00 
V3213,BARBER JACKET (2XL) : WHITE,WHITE,2XL,PC,72,$8.50 ,L16,,$11.00 ,$15.00 ,$0.00 ,$0.00 
V3214,BARBER JACKET (3XL) : WHITE,WHITE,3XL,PC,35,$9.00 ,L15,,$12.00 ,$15.00 ,$0.00 ,$0.00 
V3215,BARBER JACKET (4XL) : WHITE,WHITE,4XL,PC,100,$9.00 ,L15,,$12.00 ,$15.00 ,,
V3221,BARBER JACKET (M/L) : GRAY,GRAY,M/L,PC,0,$8.50 ,L2,,$11.00 ,$15.00 ,$0.00 ,$0.00 
V3222,BARBER JACKET (XL) : GRAY,GRAY,XL,PC,0,$8.50 ,L2,,$11.00 ,$15.00 ,$0.00 ,$0.00 
V3223,BARBER JACKET (2XL) : GRAY,GRAY,2XL,PC,0,$8.50 ,L2,,$11.00 ,$15.00 ,$0.00 ,$0.00 
V3224,BARBER JACKET (3XL) : GRAY,GRAY,3XL,PC,0,$9.00 ,L2,,$12.00 ,$15.00 ,$0.00 ,$0.00 
V3225,BARBER JACKET (4XL) : GRAY,GRAY,4XL,PC,39,$9.00 ,L2,,$12.00 ,$15.00 ,$0.00 ,$0.00 
V3231,BARBER JACKET (M/L) : PURPLE,PURPLE,M/L,PC,40,$8.50 ,L2,,$11.00 ,$15.00 ,$0.00 ,$0.00 
V3232,BARBER JACKET (XL) : PURPLE,PURPLE,XL,PC,40,$8.50 ,L2,,$11.00 ,$15.00 ,$0.00 ,$0.00 
V3233,BARBER JACKET (2XL) : PURPLE,PURPLE,2XL,PC,34,$8.50 ,L2,,$11.00 ,$15.00 ,$0.00 ,$0.00 
V3234,BARBER JACKET (3XL) : PURPLE,PURPLE,3XL,PC,33,$9.00 ,L2,,$12.00 ,$15.00 ,$0.00 ,$0.00 
V3235,BARBER JACKET (4XL) : PURPLE,PURPLE,4XL,PC,65,$9.00 ,L2,,$12.00 ,$15.00 ,$0.00 ,$0.00 
V3241,BARBER JACKET (M/L) : BROWN,BROWN,M/L,PC,0,$8.50 ,L2,,$11.00 ,$15.00 ,$0.00 ,$0.00 
V3242,BARBER JACKET (XL) : BROWN,BROWN,XL,PC,42,$8.50 ,L2,,$11.00 ,$15.00 ,$0.00 ,$0.00 
V3243,BARBER JACKET (2XL) : BROWN,BROWN,2XL,PC,34,$8.50 ,L2,,$11.00 ,$15.00 ,$0.00 ,$0.00 
V3244,BARBER JACKET (3XL) : BROWN,BROWN,3XL,PC,45,$9.00 ,L2,,$12.00 ,$15.00 ,$0.00 ,$0.00 
V3245,BARBER JACKET (4XL) : BROWN,BROWN,4XL,PC,0,$9.00 ,L2,,$12.00 ,$15.00 ,$0.00 ,$0.00 
V3300,MESH VEST (SMALL) : BLACK,BLACK,S,PC,138,$6.50 ,L15,,$8.50 ,$15.00 ,$0.00 ,$0.00 
V3301,MESH VEST (M/L) : BLACK,BLACK,M/L,PC,71,$6.50 ,L15,,$8.50 ,$15.00 ,$0.00 ,$0.00 
V3302,MESH VEST (XL) : BLACK,BLACK,X/L,PC,112,$6.50 ,L15,,$8.50 ,$15.00 ,$0.00 ,$0.00 
V3303,MESH VEST (2XL) : BLACK,BLACK,2XL,PC,116,$6.50 ,L15,,$8.50 ,$15.00 ,$0.00 ,$0.00 
V3304,MESH VEST (3XL) : BLACK,BLACK,3XL,PC,53,$7.00 ,L15,,$9.00 ,$15.00 ,$0.00 ,$0.00 
V3310,MESH VEST (SMALL) : WHITE,WHITE,S,PC,71,$6.50 ,L15,,$8.50 ,$15.00 ,$0.00 ,$0.00 
V3311,MESH VEST (M/L) : WHITE,WHITE,M/L,PC,28,$6.50 ,L15,,$8.50 ,$15.00 ,$0.00 ,$0.00 
V3312,MESH VEST (XL) : WHITE,WHITE,XL,PC,74,$6.50 ,L15,,$8.50 ,$15.00 ,$0.00 ,$0.00 
V3313,MESH VEST (2XL) : WHITE,WHITE,2XL,PC,112,$6.50 ,L15,,$8.50 ,$15.00 ,$0.00 ,$0.00 
V3314,MESH VEST (3XL) : WHITE,WHITE,3XL,PC,36,$7.00 ,L3,,$9.00 ,$15.00 ,$0.00 ,$0.00 
V3320,MESH VEST (S) : GRAY,GRAY,S,PC,0,$6.50 ,L3,,$8.50 ,$15.00 ,$0.00 ,$0.00 
V3321,MESH VEST (M/L) :  GRAY,GRAY,M/L,PC,0,$6.50 ,L3,,$8.50 ,$15.00 ,$0.00 ,$0.00 
V3322,MESH VEST (XL) :  GRAY,GRAY,XL,PC,0,$6.50 ,L3,,$8.50 ,$15.00 ,$0.00 ,$0.00 
V3323,MESH VEST (2XL) :  GRAY,GRAY,2XL,PC,0,$6.50 ,L3,,$8.50 ,$15.00 ,$0.00 ,$0.00 
V3324,MESH VEST (3XL) :  GRAY,GRAY,3XL,PC,3,$7.00 ,L3,,$9.00 ,$15.00 ,$0.00 ,$0.00 
V3330,MESH VEST (SMALL) : PURPLE,PURPLE,S,PC,0,$6.50 ,L3,,$8.50 ,$15.00 ,$0.00 ,$0.00 
V3331,MESH VEST (M/L) : PURPLE,PURPLE,M/L,PC,5,$6.50 ,L3,,$8.50 ,$15.00 ,$0.00 ,$0.00 
V3332,MESH VEST (XL) : PURPLE,PURPLE,XL,PC,10,$6.50 ,L3,,$8.50 ,$15.00 ,$0.00 ,$0.00 
V3333,MESH VEST (2XL) : PURPLE,PURPLE,2XL,PC,0,$6.50 ,L3,,$8.50 ,$15.00 ,$0.00 ,$0.00 
V3334,MESH VEST (3XL) : PURPLE,PURPLE,3XL,PC,4,$7.00 ,L3,,$9.00 ,$15.00 ,$0.00 ,$0.00 
V3340,MESH VEST (SMALL) : BROWN,BROWN,S,PC,4,$6.50 ,L3,,$8.50 ,$15.00 ,$0.00 ,$0.00 
V3341,MESH VEST (M/L) : BROWN,BROWN,M/L,PC,3,$6.50 ,L3,,$8.50 ,$15.00 ,$0.00 ,$0.00 
V3342,MESH VEST (XL) : BROWN,BROWN,XL,PC,0,$6.50 ,L3,,$8.50 ,$15.00 ,$0.00 ,$0.00 
V3343,MESH VEST (2XL) : BROWN,BROWN,2XL,PC,0,$6.50 ,L3,,$8.50 ,$15.00 ,$0.00 ,$0.00 
V3344,MESH VEST (3XL) : BROWN,BROWN,3XL,PC,3,$7.00 ,L3,,$9.00 ,$15.00 ,$0.00 ,$0.00 
V3401,LONG APRON : BLACK,BLACK,R,PC,4891,$6.00 ,L14,,$8.50 ,$10.00 ,$0.00 ,$0.00 
V3402,LONG APRON : WHITE,WHITE,R,PC,137,$6.00 ,L14,,$8.50 ,$10.00 ,$0.00 ,$0.00 
V3403,LONG APRON : BLUE,BLUE,R,PC,102,$6.00 ,L3,,$8.50 ,$10.00 ,$0.00 ,$0.00 
V3404,LONG APRON : PURPLE,PURPLE,R,PC,88,$6.00 ,L3,,$8.50 ,$10.00 ,$0.00 ,$0.00 
V3411,STYLIST APRON : BLACK,BLACK,R,PC,743,$3.50 ,L14,,$5.00 ,$8.00 ,$0.00 ,$0.00 
V3412,STYLIST APRON : SILVER,SILVER,R,PC,73,$3.50 ,L14,,$5.00 ,$8.00 ,$0.00 ,$0.00 
V3413,STYLIST APRON : BURGUNDY,BURGUNDY,R,PC,101,$3.50 ,L14,,$5.00 ,$8.00 ,$0.00 ,$0.00 
V3421,DELUXE SALON CAPE : BLACK,BLACK,L,PC,4,$7.50 ,L14,,$10.00 ,$15.00 ,$0.00 ,$0.00 
V3422,DELUXE SALON CAPE : WHITE,WHITE,L,PC,10,$7.50 ,L3,,$10.00 ,$15.00 ,$0.00 ,$0.00 
V3423,DELUXE SALON CAPE : PURPLE,PURPLE,L,PC,0,$7.50 ,L3,,$10.00 ,$15.00 ,$0.00 ,$0.00 
V3424,DELUXE SALON CAPE : H.PINK,H.PINK,L,PC,0,$7.50 ,L3,,$10.00 ,$15.00 ,$0.00 ,$0.00 
V3425,WINDOW STYLING CAPE : BLACK,BLACK,R,PC,196,$7.50 ,L14,,$10.00 ,$15.00 ,$0.00 ,$0.00 
V3431,STYLING CAPE : BLACK,BLACK,R,PC,145,$3.00 ,L14,,$4.00 ,$7.00 ,$0.00 ,$0.00 
V3432,STYLING CAPE : WHITE,WHITE,R,PC,66,$3.00 ,L14,,$4.00 ,$7.00 ,$0.00 ,$0.00 
V3433,STYLING CAPE : BURGUNDY,BURGUNDY,R,PC,0,$3.00 ,L14,,$4.00 ,$7.00 ,$0.00 ,$0.00 
V3436,COMB-OUT CAPE : BLACK,BLACK,R,PC,453,$2.00 ,L13,,$2.50 ,$5.00 ,$0.00 ,$0.00 
V3437,COMB-OUT CAPE : WHITE,WHITE,R,PC,3,$2.00 ,L13,,$2.50 ,$5.00 ,$0.00 ,$0.00 
V3438,COMB-OUT CAPE : BURGUNDY,BURGUNDY,R,PC,0,$2.00 ,L4,,$2.50 ,$5.00 ,$0.00 ,$0.00 
V3441,BARBER CAPE : BLACK,BLACK,R,PC,1083,$4.00 ,L13,,$5.50 ,$7.00 ,$0.00 ,$0.00 
V3442,BARBER CAPE : RED,RED,R,PC,44,$4.00 ,L13,,$5.50 ,$7.00 ,$0.00 ,$0.00 
V3443,BARBER CAPE : L.BLUE,LT.BLUE,R,PC,0,$4.00 ,L13,,$5.50 ,$7.00 ,$0.00 ,$0.00 
V3446,DELUXE BARBER CAPE : BLACK,BLACK,L,PC,1,$7.50 ,L13,,$10.00 ,$15.00 ,$0.00 ,$0.00 
V3447,DELUXE BARBER CAPE : GRAY,GRAY,L,PC,2,$7.50 ,L13,,$10.00 ,$15.00 ,$0.00 ,$0.00 
V3448,DELUXE BARBER CAPE : BROWN,BROWN,L,PC,2,$7.50 ,L4,,$10.00 ,$15.00 ,$0.00 ,$0.00 
V3449,DELUXE BARBER CAPE : RED,RED,L,PC,144,$7.50 ,L4,,$10.00 ,$15.00 ,$0.00 ,$0.00 
V3450,DELUXE BARBER CAPE : BLUE,BLUE,L,PC,179,$7.50 ,L4,,$10.00 ,$15.00 ,$0.00 ,$0.00 
V3451,KID CAPE : PRINT,PRINT,R,PC,382,$3.50 ,L13,,$5.00 ,$7.00 ,$0.00 ,$0.00 
V3460,SHAMPOO CAPE : ASSORT,ASSORT,R,PC,109,$2.50 ,L13,,$4.00 ,$6.00 ,$0.00 ,$0.00 
V3461,SHAMPOO CAPE : BLACK,BLACK,R,PC,335,$2.50 ,L13,,$4.00 ,$6.00 ,,
V3469,SHAMPOO CAPE (JUMBO) : BLACK,BLACK,J,PC,240,$3.00 ,L13,,$4.50 ,$6.50 ,$0.00 ,$0.00 
V3471,VINYL COMB-OUT SHAMPOO SHORTY : BLACK,BLACK,R,PC,82,$2.00 ,L12,,$2.50 ,$4.00 ,,
V3473,VINYL COMB-OUT SHAMPOO SHORTY : BURGUNDY,BURGUNDY,R,DZ,11,$24.00 ,L4,,$30.00 ,$48.00 ,$0.00 ,$0.00 
V3500,PILLOW COVER : ASSORT,ASSORT,R,DZ,39,$15.00 ,L12,,$20.00 ,$30.00 ,$0.00 ,$0.00 
V3501,PILLOW COVER : BLACK,BLACK,R,DZ,45,$15.00 ,L12,,$20.00 ,$30.00 ,$0.00 ,$0.00 
V3502,PILLOW COVER : WHITE,WHITE,R,DZ,21,$15.00 ,L12,,$20.00 ,$30.00 ,$0.00 ,$0.00 
V3503,PILLOW COVER : GOLD,GOLD,R,DZ,48,$15.00 ,L12,,$20.00 ,$30.00 ,$0.00 ,$0.00 
V3504,PILLOW COVER : SILVER,SILVER,R,DZ,30,$15.00 ,L12,,$20.00 ,$30.00 ,$0.00 ,$0.00 
V3505,PILLOW COVER : PINK,PINK,R,DZ,33,$15.00 ,L12,,$20.00 ,$30.00 ,$0.00 ,$0.00 
V3506,PILLOW COVER : BURGUNDY,BURGUNDY,R,DZ,15,$15.00 ,L12,,$20.00 ,$30.00 ,$0.00 ,$0.00 
V3507,PILLOW COVER : BROWN,BROWN,R,DZ,25,$15.00 ,L12,,$20.00 ,$30.00 ,$0.00 ,$0.00 
V3508,WATERPROOF PILLOW COVER : ASSORT,ASSORT,R,DZ,7,$24.00 ,L12,,$30.00 ,$48.00 ,$0.00 ,$0.00 
V3509,WATERPROOF PILLOW COVER : BLACK,BLACK,R,DZ,-1,$24.00 ,L5,,$30.00 ,$48.00 ,$0.00 ,$0.00 
V3521,A-LINE JACKET (M/L) : BLACK,BLACK,M/L,PC,88,$8.50 ,L12,,$11.00 ,$15.00 ,$0.00 ,$0.00 
V3522,A-LINE JACKET (XL/2XL) : BLACK,BLACK,XL2XL,PC,63,$8.50 ,L11,,$11.00 ,$15.00 ,$0.00 ,$0.00 
V3531,A-LINE JACKET (M/L) : WHITE,WHITE,M/L,PC,9,$8.50 ,L5,,$11.00 ,$15.00 ,$0.00 ,$0.00 
V3532,A-LINE JACKET (XL/2XL) : WHITE,WHITE,XL/2XL,PC,73,$8.50 ,L5,,$11.00 ,$15.00 ,$0.00 ,$0.00 
V3541,A-LINE JACKET (M/L) : BLUE,BLUE,M/L,PC,0,$8.50 ,L5,,$11.00 ,$15.00 ,$0.00 ,$0.00 
V3542,A-LINE JACKET (XL/2XL) : BLUE,BLUE,XL/2XL,PC,34,$8.50 ,L5,,$11.00 ,$15.00 ,$0.00 ,$0.00 
V3551,A-LINE JACKET (M/L) : PURPLE,PURPLE,M/L,PC,0,$8.50 ,L5,,$11.00 ,$15.00 ,$0.00 ,$0.00 
V3552,A-LINE JACKET (XL/2XL) : PURPLE,PURPLE,XL/2XL,PC,0,$8.50 ,L5,,$11.00 ,$15.00 ,$0.00 ,$0.00 
V3560,X-LINE JACKET (S) : BLACK,BLACK,S,PC,187,$8.50 ,L11,,$11.00 ,$15.00 ,$0.00 ,$0.00 
V3561,X-LINE JACKET (M/L) : BLACK,BLACK,M/L,PC,93,$8.50 ,L11,,$11.00 ,$15.00 ,,
V3562,X-LINE JACKET (XL/2XL) : BLACK,BLACK,XL/2XL,PC,50,$8.50 ,L11,,$11.00 ,$15.00 ,$0.00 ,$0.00 
V3563,X-LINE JACKET (3XL) : BLACK,BLACK,3XL,PC,16,$8.50 ,L11,,$11.00 ,$15.00 ,$0.00 ,$0.00 
V3570,X-LINE JACKET (S/M) : WHITE,WHITE,S/M,PC,154,$8.50 ,L11,,$11.00 ,$15.00 ,$0.00 ,$0.00 
V3571,X-LINE JACKET (L/XL) : WHITE,WHITE,L/XL,PC,48,$8.50 ,L11,,$11.00 ,$15.00 ,$0.00 ,$0.00 
V3572,X-LINE JACKET (2XL/3XL) : WHITE,WHITE,2XL/3XL,PC,23,$8.50 ,L11,,$11.00 ,$15.00 ,$0.00 ,$0.00 
V3580,X-LINE JACKET (S/M) : PURPLE,PURPLE,S/M,PC,13,$8.50 ,L6,,$11.00 ,$15.00 ,$0.00 ,$0.00 
V3581,X-LINE JACKET (L/XL) : PURPLE,PURPLE,L/XL,PC,80,$8.50 ,L6,,$11.00 ,$15.00 ,$0.00 ,$0.00 
V3582,X-LINE JACKET (2XL/3XL) : PURPLE,PURPLE,2XL/3XL,PC,70,$8.50 ,L6,,$11.00 ,$15.00 ,$0.00 ,$0.00 
V3590,X-LINE JACKET (S/M) : H.PINK,HOT PINK,S/M,PC,0,$8.50 ,L6,,$11.00 ,$15.00 ,$0.00 ,$0.00 
V3591,X-LINE JACKET (L/XL) : H.PINK,HOT PINK,L/XL,PC,0,$8.50 ,L6,,$11.00 ,$15.00 ,$0.00 ,$0.00 
V3592,X-LINE JACKET (2XL/3XL) : H.PINK,HOT PINK,2XL/3XL,PC,0,$8.50 ,L6,,$11.00 ,$15.00 ,$0.00 ,$0.00 
V3593,X-LINE JACKET (S/M) : BROWN,BROWN,S/M,PC,0,$8.50 ,L6,,$11.00 ,$15.00 ,$0.00 ,$0.00 
V3594,X-LINE JACKET (L/XL) : BROWN,BROWN,L/XL,PC,62,$8.50 ,L6,,$11.00 ,$15.00 ,$0.00 ,$0.00 
V3595,X-LINE JACKET (2X/3XL) : BROWN,BROWN,2XL/3XL,PC,91,$8.50 ,L6,,$11.00 ,$15.00 ,$0.00 ,$0.00 
V3596,X-LINE JACKET (S/M) : GRAY,GRAY,S/M,PC,7,$8.50 ,L6,,$11.00 ,$15.00 ,$0.00 ,$0.00 
V3597,X-LINE JACKET (L/XL) : GRAY,GRAY,L/XL,PC,6,$8.50 ,L6,,$11.00 ,$15.00 ,$0.00 ,$0.00 
V3598,X-LINE JACKET (2XL/3XL) : GRAY,GRAY,2XL/3XL,PC,36,$8.50 ,L6,,$11.00 ,$15.00 ,$0.00 ,$0.00 
V3601,COLLAR VEST (S/M) : BLACK,BLACK,S/M,PC,7,$6.00 ,L6,,$8.00 ,$10.00 ,$0.00 ,$0.00 
V3602,COLLAR VEST (L/XL) : BLACK,BLACK,L/XL,PC,6,$6.00 ,L6,,$8.00 ,$10.00 ,$0.00 ,$0.00 
V3603,COLLAR VEST (2XL/3XL) : BLACK,BLACK,2XL/3XL,PC,25,$6.50 ,L6,,$8.50 ,$10.00 ,$0.00 ,$0.00 
V3604,COLLAR VEST (4XL/5XL) : BLACK,BLACK,4XL/5XL,PC,88,$6.50 ,L6,,$8.50 ,$10.00 ,$0.00 ,$0.00 
V3611,COLLAR VEST (S/M) : SILVER,SILVER,S/M,PC,13,$6.00 ,L6,,$8.00 ,$10.00 ,$0.00 ,$0.00 
V3612,COLLAR VEST (L/XL) : SILVER,SILVER,L/XL,PC,0,$6.00 ,L6,,$8.00 ,$10.00 ,$0.00 ,$0.00 
V3613,COLLAR VEST (2XL/3XL) : SILVER,SILVER,2XL/3XL,PC,150,$6.50 ,L6,,$8.50 ,$10.00 ,$0.00 ,$0.00 
V3621,COLLAR VEST (S/M) : BURGUNDY,BURGUNDY,S/M,PC,0,$6.00 ,L6,,$8.00 ,$10.00 ,$0.00 ,$0.00 
V3622,COLLAR VEST (L/XL) : BURGUNDY,BURGUNDY,L/XL,PC,122,$6.00 ,L6,,$8.00 ,$10.00 ,$0.00 ,$0.00 
V3623,COLLAR VEST (2XL/3XL) : BURGUNDY,BURGUNDY,2XL/3XL,PC,99,$6.50 ,L6,,$8.50 ,$10.00 ,$0.00 ,$0.00 
V3631,CHEMICAL APRON: BLACK,BLACK,R,PC,103,$4.50 ,L11,,$6.00 ,$8.00 ,$0.00 ,$0.00 
V3632,CHEMICAL APRON : SILVER,SILVER,R,PC,32,$4.50 ,L6,,$6.00 ,$8.00 ,$0.00 ,$0.00 
V3633,CHEMICAL APRON :  BURGUNDY,BURGUNDY,R,PC,0,$4.50 ,L6,,$6.00 ,$8.00 ,$0.00 ,$0.00 
V3641,CHEMICAL CAPE : BLACK,BLACK,R,PC,0,$4.50 ,L11,,$6.00 ,$8.00 ,$0.00 ,$0.00 
V3642,CHEMICAL CAPE : SILVER,SILVER,R,PC,0,$4.50 ,L6,,$6.00 ,$8.00 ,$0.00 ,$0.00 
V3643,CHEMICAL CAPE : BURGUNDY,BURGUNDY,R,PC,0,$4.50 ,L6,,$6.00 ,$8.00 ,$0.00 ,$0.00 
V3651,CHEMICAL SHORTIE : BLACK,BLACK,R,PC,68,$2.00 ,L11,,$3.50 ,$5.00 ,$0.00 ,$0.00 
V3652,CHEMICAL SHORTIE : SILVER,SILVER,R,PC,0,$2.00 ,L6,,$3.50 ,$5.00 ,$0.00 ,$0.00 
V3653,CHEMICAL SHORTIE : BURGUNDY,BURGUNDY,R,PC,0,$2.00 ,L6,,$3.50 ,$5.00 ,$0.00 ,$0.00 
W1001,"MANNEQUIN CANVAS HEAD : 21""",N/A,"21""",PC,1133,$10.00 ,L9,,$13.50 ,$20.00 ,,
W1002,"MANNEQUIN CANVAS HEAD : 22"" ",N/A,"22""",PC,2066,$10.00 ,L9,,$13.50 ,$20.00 ,,
W1003,"MANNEQUIN CANVAS HEAD : 23"" ",N/A,"23""",PC,2402,$10.00 ,L9,,$13.50 ,$20.00 ,,
W1004,"MANNEQUIN CANVAS HEAD : 24"" ",N/A,"24""",PC,1471,$10.00 ,L9,,$13.50 ,$20.00 ,,
W1006,"MANNEQUIN CANVAS HEAD (BLACK) : 22""",BLACK,"22""",PC,2832,$10.00 ,G15,,$13.50 ,$20.00 ,$0.00 ,$0.00 
W1007,"MANNEQUIN CANVAS HEAD (BLACK) : 23""",BLACK,"23""",PC,1752,$10.00 ,G15,,$13.50 ,$20.00 ,$0.00 ,$0.00 
W1010,MANNEQUIN TABLE HOLDER,N/A,N/A,PC,2749,$2.00 ,G17,,$2.50 ,$5.00 ,$0.00 ,$0.00 
W1011,MANNEQUIN TRIPOD HOLDER,N/A,N/A,PC,4697,$13.00 ,G17,,$18.00 ,$36.00 ,$0.00 ,$0.00 
W1101,SPRING WIG CLIP (5PCS BLISTER),N/A,R,DZ,494,$4.50 ,L9,,$6.00 ,$8.00 ,$0.00 ,$0.00 
W1102,SPRING WIG CLIP W/ LACE (3PCS BLISTER),N/A,R,DZ,1670,$4.50 ,L9,,$6.00 ,$8.00 ,$0.00 ,$0.00 
W1103,SPRING WIG CLIP (20PCS BLISTER),N/A,R,DZ,164,$12.50 ,L9,,$16.50 ,$24.00 ,$0.00 ,$0.00 
W1104,SPRING WIG CLIP W/ LACE (12PCS BLISTER),N/A,R,DZ,148,$12.50 ,L9,,$16.50 ,$24.00 ,$0.00 ,$0.00 
W1105,SPRING WIG CLIP (150PCS BLISTER),N/A,R,PK,0,$7.50 ,L9,,$10.00 ,$15.00 ,$0.00 ,$0.00 
W1106,SPRING WIG CLIP W/ LACE (90PCS BLISTER),N/A,R,PK,-2,$7.50 ,L9,,$10.00 ,$15.00 ,$0.00 ,$0.00 
W1107,SPRING WIG CLIP W/ LACE (36PCS BLISTER),N/A,R,DZ,310,$36.00 ,L8,,$48.00 ,$72.00 ,$0.00 ,$0.00 
W1111,ANCHOR WIG CLIP (2PC) : S,N/A,S ,DZ,57,$4.50 ,L9,,$6.00 ,$8.00 ,$0.00 ,$0.00 
W1112,ANCHOR WIG CLIP (2PC) : L,N/A,L ,DZ,351,$4.50 ,L9,,$6.00 ,$8.00 ,$0.00 ,$0.00 
W1113,ANCHOR WIG CLIP (12PC) : S,N/A,S ,DZ,93,$24.00 ,L8,,$30.00 ,$40.00 ,$0.00 ,$0.00 
W1114,ANCHOR WIG CLIP (12PC) : L,N/A,L ,DZ,-2,$24.00 ,L8,,$30.00 ,$40.00 ,$0.00 ,$0.00 
W1119,CROCHET NEEDLE  30PCS BULK,N/A,COMBO,PK,589,$9.00 ,L2,,$12.00 ,$18.00 ,$0.00 ,$0.00 
W1120,CROCHET NEEDLE 24PCS COMBO,N/A,#1,PK,962,$6.50 ,L9,,$9.00 ,$12.00 ,$0.00 ,$0.00 
W1121,CROCHET NEEDLE SIZE #3,N/A,#3,DZ,658,$4.50 ,L2,,$6.00 ,$9.00 ,$0.00 ,$0.00 
W1122,CROCHET NEEDLE SIZE #7,N/A,#7,DZ,484,$4.50 ,L2,,$6.00 ,$9.00 ,$0.00 ,$0.00 
W1123,CROCHET NEEDLE SIZE #14,N/A,#14,DZ,707,$4.50 ,L2,,$6.00 ,$9.00 ,$0.00 ,$0.00 
W1124,CROCHET NEEDLE SIZE #16,N/A,#16,DZ,421,$4.50 ,L2,,$6.00 ,$9.00 ,$0.00 ,$0.00 
W1125,CROCHET NEEDLE #3 24PCS BULK,N/A,#3,PK,88,$6.50 ,L15,,$9.00 ,$12.00 ,$0.00 ,$0.00 
W1126,CROCHET NEEDLE #7 24PCS BULK,N/A,#7,PK,162,$6.50 ,L15,,$9.00 ,$12.00 ,$0.00 ,$0.00 
W1127,CROCHET NEEDLE #14 24PCS BULK,N/A,#14,PK,272,$6.50 ,L15,,$9.00 ,$12.00 ,$0.00 ,$0.00 
W1128,CROCHET NEEDLE #16 24PCS BULK,N/A,#16,PK,322,$6.50 ,L15,,$9.00 ,$12.00 ,$0.00 ,$0.00 
W1130,CROCHET NEEDLE SIZE #1,N/A,#1,DZ,169,$4.50 ,L2,,$6.00 ,$9.00 ,$0.00 ,$0.00 
W1131,E-Z LOCS TOOL : SLV,N/A,N/A,DZ,1071,$13.50 ,L1,,$18.00 ,$30.00 ,$0.00 ,$0.00 
W1135,DREADLOCKS CROCHET TOOL : 0.5MM,N/A,N/A,DZ,144,$8.50 ,L1,,$12.00 ,$18.00 ,$0.00 ,$0.00 
W1136,DREADLOCKS CROCHET TOOL : 1.0MM,N/A,N/A,DZ,264,$8.50 ,L1,,$12.00 ,$18.00 ,$0.00 ,$0.00 
W1137,"DREADLOCKS CROCHET TOOL : 0.75MM, TRIPLE",N/A,N/A,DZ,-1,$13.50 ,L1,,$18.00 ,$30.00 ,$0.00 ,$0.00 
W1138,DREADLOCKS CROCHET TOOL : 0.5MM DOUBLE,,,DZ,360,$11.00 ,,,$15.00 ,$24.00 ,,
W1139,"VENTILATING NEEDLE : SLV, 1-2, 45°",N/A,N/A,DZ,1234,$13.50 ,L1,,$18.00 ,$24.00 ,$0.00 ,$0.00 
W1140,"VENTILATING NEEDLE : GOLD, 3-4, 90°",N/A,N/A,DZ,1274,$13.50 ,L1,,$18.00 ,$24.00 ,$0.00 ,$0.00 
W1198,"WIG CLIP BLISTER (2PC) : JB, BROWN",BROWN,J,DZ,138,$4.50 ,G13,,$6.00 ,$9.00 ,$0.00 ,$0.00 
W1199,"WIG CLIP BLISTER (2PC) : JB, BLONDE",BLONDE,J,DZ,136,$4.50 ,G13,,$6.00 ,$9.00 ,$0.00 ,$0.00 
W1200,"WIG CLIP BLISTER (2PC) : JB, BLACK",BLACK,J,DZ,83,$4.50 ,L8,,$6.00 ,$9.00 ,$0.00 ,$0.00 
W1201,"WIG CLIP BLISTER (2PC) : S, BLACK",BLACK,S,DZ,448,$4.00 ,L8,,$5.00 ,$9.00 ,$0.00 ,$0.00 
W1202,"WIG CLIP BLISTER (2PC) : M, BLACK",BLACK,M,DZ,613,$4.00 ,L8,,$5.00 ,$9.00 ,$0.00 ,$0.00 
W1203,"WIG CLIP BLISTER (2PC) : L, BLACK",BLACK,L,DZ,612,$4.00 ,L8,,$5.00 ,$9.00 ,$0.00 ,$0.00 
W1204,"WIG CLIP BLISTER (2PC) : S, BROWN",BROWN,S,DZ,397,$4.00 ,L8,,$5.00 ,$9.00 ,$0.00 ,$0.00 
W1205,"WIG CLIP BLISTER (2PC) : M, BROWN",BROWN,M,DZ,395,$4.00 ,L8,,$5.00 ,$9.00 ,$0.00 ,$0.00 
W1206,"WIG CLIP BLISTER (2PC) : L, BROWN",BROWN,L,DZ,480,$4.00 ,L7,,$5.00 ,$9.00 ,$0.00 ,$0.00 
W1207,"WIG CLIP BLISTER (2PC) : S, BLONDE",BLONDE,S,DZ,423,$4.00 ,L7,,$5.00 ,$9.00 ,$0.00 ,$0.00 
W1208,"WIG CLIP BLISTER (2PC) : M, BLONDE",BLONDE,M,DZ,455,$4.00 ,L7,,$5.00 ,$9.00 ,$0.00 ,$0.00 
W1209,"WIG CLIP BLISTER (2PC) : L, BLONDE",BLONDE,L,DZ,173,$4.00 ,L7,,$5.00 ,$9.00 ,$0.00 ,$0.00 
W1210,"WIG CLIP POLY (2PC/3DZ) : S, BLACK",BLACK,S/M/L,DP,0,$9.50 ,L10,,$12.50 ,$16.00 ,$0.00 ,$0.00 
W1211,"WIG CLIP POLY (2PC/3DZ) : S, BLACK",BLACK,S/M/L,DP,0,$9.50 ,L10,,$12.50 ,$16.00 ,$0.00 ,$0.00 
W1212,"WIG CLIP POLY (2PC/3DZ) : M, BLACK",BLACK,M,DP,0,$9.50 ,L10,,$12.50 ,$16.00 ,$0.00 ,$0.00 
W1213,"WIG CLIP POLY (2PC/3DZ) : L, BLACK",BLACK,L,DP,0,$9.50 ,L10,,$12.50 ,$16.00 ,$0.00 ,$0.00 
W1216,"WIG CLIP BLISTER (12PCS) : S, BLACK",BLACK,S,DZ,130,$18.00 ,G13,,$24.00 ,$36.00 ,$0.00 ,$0.00 
W1217,"WIG CLIP BLISTER (12PCS) : M, BLACK",BLACK,M,DZ,130,$18.00 ,G13,,$24.00 ,$36.00 ,$0.00 ,$0.00 
W1218,"WIG CLIP BLISTER (12PCS) : L, BLACK",BLACK,L,DZ,83,$18.00 ,G14,,$24.00 ,$36.00 ,$0.00 ,$0.00 
W1219,"WIG CLIP BLISTER (12PCS) : JB, BLACK",BLACK,J,DZ,114,$21.00 ,G14,,$27.00 ,$42.00 ,$0.00 ,$0.00 
W1220,"WIG CLIP POLY (2PC/3DZ) : S, BROWN",BROWN,S,DP,0,$9.50 ,L11,,$12.50 ,$16.00 ,$0.00 ,$0.00 
W1221,"WIG CLIP POLY (100PC/PK) : S, BLACK",BLACK,S,PK,208,$7.50 ,L6,,$10.00 ,$15.00 ,$0.00 ,$0.00 
W1222,"WIG CLIP POLY (100PC/PK) : M, BLACK",BLACK,M,PK,22,$7.50 ,L6,,$10.00 ,$15.00 ,$0.00 ,$0.00 
W1223,"WIG CLIP POLY (100PC/PK) : L, BLACK",BLACK,L,PK,-1,$7.50 ,L6,,$10.00 ,$15.00 ,$0.00 ,$0.00 
W1224,"WIG CLIP POLY (100PC/PK) : S, BROWN",BROWN,S,PK,194,$7.50 ,L6,,$10.00 ,$15.00 ,$0.00 ,$0.00 
W1225,"WIG CLIP POLY (100PC/PK) : M, BROWN",BROWN,M,PK,116,$7.50 ,L6,,$10.00 ,$15.00 ,$0.00 ,$0.00 
W1226,"WIG CLIP POLY (100PC/PK) : L, BROWN",BROWN,L,PK,36,$7.50 ,L6,,$10.00 ,$15.00 ,$0.00 ,$0.00 
W1227,"WIG CLIP POLY (100PC/PK) : S, BLONDE",BLONDE,S,PK,212,$7.50 ,L6,,$10.00 ,$15.00 ,$0.00 ,$0.00 
W1228,"WIG CLIP POLY (100PC/PK) : M, BLONDE",BLONDE,M,PK,48,$7.50 ,L6,,$10.00 ,$15.00 ,$0.00 ,$0.00 
W1229,"WIG CLIP POLY (100PC/PK) : L, BLONDE",BLONDE,L,PK,146,$7.50 ,L6,,$10.00 ,$15.00 ,$0.00 ,$0.00 
W1230,"WIG CLIP POLY (2PC/3DZ) : S, BLONDE",BLONDE,S/M/L,PK,0,$9.50 ,L11,,$12.50 ,$16.00 ,$0.00 ,$0.00 
W1234,"WIG CLIP BLISTER (2PC) : S, SILVER",SILVER,S,DZ,0,$4.00 ,L11,,$5.00 ,$9.00 ,$0.00 ,$0.00 
W1235,"WIG CLIP BLISTER (2PC) : M, SILVER",SILVER,M,DZ,0,$4.00 ,L11,,$5.00 ,$9.00 ,$0.00 ,$0.00 
W1236,"WIG CLIP BLISTER (2PC) : L, SILVER",SILVER,L,DZ,0,$4.00 ,L11,,$5.00 ,$9.00 ,$0.00 ,$0.00 
W1241,"WEAVING THREAD : 60Y, BLACK",BLACK,60Y,DZ,2220,$1.50 ,L5,,$2.00 ,$3.00 ,$0.00 ,$0.00 
W1242,"WEAVING THREAD : 160Y, BLACK",BLACK,160Y,DZ,1425,$3.00 ,L5,,$4.00 ,$6.00 ,$0.00 ,$0.00 
W1243,"WEAVING THREAD : 60Y, BROWN",BROWN,60Y,DZ,419,$1.50 ,L5,,$2.00 ,$3.00 ,$0.00 ,$0.00 
W1244,"WEAVING THREAD : 160Y, BROWN",BROWN,160Y,DZ,1022,$3.00 ,L5,,$4.00 ,$6.00 ,$0.00 ,$0.00 
W1245,"WEAVING THREAD : 60Y, BLONDE",BLONDE,60Y,DZ,348,$1.50 ,L5,,$2.00 ,$3.00 ,$0.00 ,$0.00 
W1246,"WEAVING THREAD : 160Y, BLONDE",BLONDE,160Y,DZ,764,$3.00 ,L5,,$4.00 ,$6.00 ,$0.00 ,$0.00 
W1247,"WEAVING THREAD : 60Y, BURGUNDY",BURGUNDY,60Y,DZ,1041,$1.50 ,L5,,$2.00 ,$3.00 ,$0.00 ,$0.00 
W1248,"WEAVING THREAD : 160Y, BURGUNDY",BURGUNDY,160Y,DZ,2837,$3.00 ,L5,,$4.00 ,$6.00 ,$0.00 ,$0.00 
W1251,"WEAVING THREAD & NEEDLE : A, BLACK",BLACK,N/A,DZ,511,$4.00 ,L3,,$5.50 ,$8.00 ,,
W1252,"WEAVING THREAD & NEEDLE : B, BLACK",BLACK,N/A,DZ,146,$9.00 ,L3,,$12.00 ,$16.00 ,$0.00 ,$0.00 
W1253,"WEAVING THREAD & NEEDLE : A, BROWN",BROWN,N/A,DZ,180,$4.00 ,L3,,$5.50 ,$8.00 ,,
W1254,"WEAVING THREAD & NEEDLE : B, BROWN",BROWN,N/A,DZ,187,$9.00 ,L3,,$12.00 ,$16.00 ,$0.00 ,$0.00 
W1255,"WEAVING THREAD & NEEDLE : A, BLONDE",BLONDE,N/A,DZ,168,$4.00 ,L3,,$5.50 ,$8.00 ,$0.00 ,$0.00 
W1256,"WEAVING THREAD & NEEDLE : B, BLONDE",BLONDE,N/A,DZ,222,$9.00 ,L3,,$12.00 ,$16.00 ,$0.00 ,$0.00 
W1257,"WEAVING THREAD & NEEDLE : A, SILVER",SILVER,N/A,DZ,628,$4.00 ,L14,,$5.50 ,$8.00 ,$0.00 ,$0.00 
W1258,"WEAVING THREAD & NEEDLE : B, SILVER",SILVER,N/A,DZ,104,$9.00 ,L3,,$12.00 ,$16.00 ,$0.00 ,$0.00 
W1260,WEAVING NEEDLE BIG C TYPE (12PCS) : SILVER,SILVER,N/A,DZ,283,$15.00 ,L3,,$24.00 ,$30.00 ,$0.00 ,
W1261,WEAVING NEEDLE  I  TYPE (12PCS) : SILVER,SILVER,N/A,DZ,1368,$7.80 ,L3,,$12.00 ,$14.00 ,$0.00 ,$0.00 
W1262,WEAVING NEEDLE  J  TYPE (12PCS) : SILVER,SILVER,N/A,DZ,1846,$7.80 ,L3,,$12.00 ,$14.00 ,$0.00 ,$0.00 
W1263,WEAVING NEEDLE C  TYPE (12PCS) : SILVER,SILVER,N/A,DZ,128,$7.80 ,L3,,$12.00 ,$14.00 ,$0.00 ,$0.00 
W1264,"T-PIN : 1 1/2""",N/A,N/A,DZ,462,$3.60 ,L2,,$4.50 ,$6.00 ,$0.00 ,$0.00 
W1265,"CROCHET NEEDLE #1, 12PCS BULK",N/A,N/A,PK,208,$2.65 ,L2,,$4.00 ,$4.00 ,$0.00 ,$0.00 
W1271,WIG STAND : ASSORT,ASSORT,N/A,DZ,630,$15.00 ,L1,,$20.00 ,$30.00 ,$0.00 ,$0.00 
W1272,"WIG COMB , DETANGLER : ASSORT",ASSORT,N/A,DZ,191,$7.50 ,L1,,$10.00 ,$14.00 ,$0.00 ,$0.00 
W1274,WEAVING THREAD 500Y : BLACK,BLACK,500Y,DZ,59,$7.50 ,L4,,$10.00 ,$14.00 ,$0.00 ,$0.00 
W1275,WEAVING THREAD 1000Y : BLACK,BLACK,1000Y,PC,220,$1.50 ,L4,,$2.00 ,$3.00 ,$0.00 ,$0.00 
W1276,WEAVING THREAD 2000Y : BLACK,BLACK,2000Y,PC,452,$2.25 ,L4,,$3.00 ,$4.50 ,$0.00 ,$0.00 
W1277,"WEAVING THREAD 60Y, NYLON : BLACK",BLACK,60Y,DZ,898,$2.50 ,L4,,$3.60 ,$5.00 ,$0.00 ,$0.00 
W1278,"WEAVING THREAD 150Y, NYLON : BLACK",BLACK,150Y,DZ,193,$6.00 ,L4,,$8.50 ,$12.00 ,$0.00 ,$0.00 
W1279,"WEAVING THREAD 400Y, NYLON : BLACK",BLACK,400Y,DZ,4,$16.50 ,L4,,$24.00 ,$33.00 ,$0.00 ,$0.00 
W1280,"WEAVING THREAD 1000Y, NYLON : BLACK",BLACK,1000Y,PC,106,$3.00 ,L4,,$4.00 ,$6.00 ,$0.00 ,$0.00 
W1281,"WIG CLIP BLISTER (24PC) : S, BLACK",BLACK,S,PK,0,$2.00 ,G12,,$2.50 ,$4.00 ,$0.00 ,$0.00 
W1282,"WIG CLIP BLISTER (24PC) : M, BLACK",BLACK,M,PK,0,$2.00 ,G12,,$2.50 ,$4.00 ,$0.00 ,$0.00 
W1283,"WIG CLIP BLISTER (24PC) : L, BLACK",BLACK,L,PK,0,$2.00 ,G12,,$2.50 ,$4.00 ,$0.00 ,$0.00 
W1284,"WIG CLIP BLISTER (24PC) : S, BROWN",BROWN,S,PK,0,$2.00 ,G12,,$2.50 ,$4.00 ,$0.00 ,$0.00 
W1285,"WIG CLIP BLISTER (24PC) : M, BROWN",BROWN,M,PK,0,$2.00 ,L13,,$2.50 ,$4.00 ,$0.00 ,$0.00 
W1286,"WIG CLIP BLISTER (24PC) : L, BROWN",BROWN,L,PK,0,$2.00 ,L13,,$2.50 ,$4.00 ,$0.00 ,$0.00 
W1287,"WIG CLIP BLISTER (24PC) : S, BLONDE",BLONDE,S,PK,0,$2.00 ,L13,,$2.50 ,$4.00 ,$0.00 ,$0.00 
W1288,"WIG CLIP BLISTER (24PC) : M, BLONDE",BLONDE,M,PK,0,$2.00 ,L13,,$2.50 ,$4.00 ,$0.00 ,$0.00 
W1289,"WIG CLIP BLISTER (24PC) : L, BLONDE",BLONDE,L,PK,0,$2.00 ,G13,,$2.50 ,$4.00 ,$0.00 ,$0.00 
W1291,"WIG CLIP BLISTER (60PC) : S, BLACK",BLACK,S,PK,0,$4.50 ,G13,,$6.00 ,$8.00 ,$0.00 ,$0.00 
W1292,"WIG CLIP BLISTER (60PC) : M, BLACK",BLACK,M,PK,0,$4.50 ,G13,,$6.00 ,$8.00 ,$0.00 ,$0.00 
W1293,"WIG CLIP BLISTER (60PC) : L, BLACK",BLACK,L,PK,0,$4.50 ,G13,,$6.00 ,$8.00 ,$0.00 ,$0.00 
W1294,"WIG CLIP BLISTER (60PC) : S, BROWN",BROWN,S,PK,30,$4.50 ,L13,,$6.00 ,$8.00 ,$0.00 ,$0.00 
W1295,"WIG CLIP BLISTER (60PC) : M, BROWN",BROWN,M,PK,34,$4.50 ,L13,,$6.00 ,$8.00 ,$0.00 ,$0.00 
W1296,"WIG CLIP BLISTER (60PC) : L, BROWN",BROWN,L,PK,23,$4.50 ,G14,,$6.00 ,$8.00 ,$0.00 ,$0.00 
W1297,"WIG CLIP BLISTER (60PC) : S, BLONDE",BLONDE,S,PK,0,$4.50 ,G14,,$6.00 ,$8.00 ,$0.00 ,$0.00 
W1298,"WIG CLIP BLISTER (60PC) : M, BLONDE",BLONDE,M,PK,0,$4.50 ,G14,,$6.00 ,$8.00 ,$0.00 ,$0.00 
W1299,"WIG CLIP BLISTER (60PC) : L, BLONDE ",BLONDE,L,PK,0,$4.50 ,G14,,$6.00 ,$8.00 ,$0.00 ,$0.00 
W783,SOFT TAG CLEAR (3X3) : 1000 PCS,N/A,N/A,ROLL,178,$17.50 ,L10,,$21.50 ,$28.00 ,$0.00 ,$0.00 
W784,SOFT TAG CLEAR ROUND : 1000 PCS,N/A,N/A,ROLL,760,$17.50 ,L10,,$21.50 ,$28.00 ,$0.00 ,$0.00 
W785,SOFT TAG CLEAR RECTANGLE 19X65 ,N/A,N/A,ROLL,280,$18.50 ,L10,,$22.50 ,$28.00 ,$0.00 ,$0.00 
W788,LANYARD PIN (175MM 1000PC),N/A,N/A,PK,80,$75.00 ,L10,,$100.00 ,$150.00 ,$0.00 ,$0.00 
W789,HARD TAG LANYARD (110MM 100PC),N/A,N/A,PK,440,$36.00 ,L7,,$48.00 ,$60.00 ,$0.00 ,$0.00 
W790,HARD TAG (48X42 100PC) : BLACK,N/A,N/A,PK,249,$11.00 ,L7,,$14.00 ,$20.00 ,$0.00 ,$0.00 
W791,HARD TAG (48X42 100PC) : WHITE,N/A,N/A,PK,0,$12.00 ,L7,,$15.00 ,$20.00 ,$0.00 ,$0.00 
W792,PIN : 19MM (1000 PCS),N/A,N/A,PK,0,$15.00 ,L7,,$20.00 ,$24.00 ,$0.00 ,$0.00 
W793,PIN : 27MM (1000 PCS),N/A,N/A,PK,50,$21.00 ,L10,,$28.00 ,$40.00 ,$0.00 ,$0.00 
W794,PIN : 40MM (1000 PCS),N/A,N/A,PK,111,$30.00 ,L10,,$40.00 ,$50.00 ,$0.00 ,$0.00 
W795,SOFT TAG (3X3) : 1000 PCS,N/A,N/A,ROLL,0,$17.50 ,L10,,$21.50 ,$28.00 ,$0.00 ,$0.00 
W796,SOFT TAG (3X4) : 1000 PCS,N/A,N/A,ROLL,160,$16.00 ,L10,,$20.00 ,$28.00 ,$0.00 ,$0.00 
W797,SOFT TAG (4X4) : 1000 PCS,N/A,N/A,ROLL,26,$16.00 ,L7,,$20.00 ,$28.00 ,$0.00 ,$0.00 
W798,SOFT TAG (4 ROUND) : 1000 PCS,N/A,N/A,ROLL,200,$16.00 ,L7,,$20.00 ,$28.00 ,$0.00 ,$0.00 
