Customer#,Store Name,Address,City,State,Phone1,Term,Balance,Credit,Last Amount
MD4052WK,"2J GROUP, INC.", 9125 BURSA RD. #B,LAUREL,MD,410-234-8989,NET60,"$58,803.98 ",$25.65 ,"$8,743.80 "
FL9028IN,69 URBAN,3851  62ND AVE  N  STE G,PINELLAS PARK,FL,770-882-9028,CREDIT,$0.00 ,$0.00 ,$127.18 
TX0750WK,7 DOLLAR BEAUTY SUPPLY,2666 MANANA DR.,DALLAS,TX,972-620-0750,NET30,"$9,469.60 ","$1,026.00 ","$9,469.60 "
CA9999IN,A,5555,,,,,$0.00 ,$0.00 ,
NC8506IN,A CUTT ABOVE HAIR ACADEMY,109 SOUTH LODGE ST,WILSON,NC,252-801-8506,CREDIT,$0.00 ,$0.00 ,$56.26 
FL0606RN,A&G BARBER SUPPLY,1057 BUTTERY POINTE DR.,ORLANDO,FL,407-780-0606,CREDIT,$0.00 ,$0.00 ,$0.00 
CA4354DLWK,A.S.K. BEAUTY,4040 W. WASHINGTON BLVD.,LOS ANGELES,CA,213-500-4354,COD,"$9,186.00 ",$270.00 ,($270.00)
GA4060HKWK,"A-1 TRADING, INC.","5745 BUFORD HWY., STE# 101",ATLANTA,GA,770-451-4060,NET30,"$43,139.19 ",$72.67 ,"$3,026.70 "
GA5186IN,ABI  THE  BEST,2018 CHESLEY DR,AUSTELL,GA,404-399-5186,CREDIT,$0.00 ,$0.00 ,$157.51 
VA2002IN,AESTHETICS SALON,2412 26TH ROAD SOUTH,ARLINGTON,VA,7032202002,,$0.00 ,$0.00 ,$248.12 
UK0752WN,AIMEE'S HAIR & BEAUTY SALON,583 WIMBORNE RD.,BOURNEMOUTH,,01202-530752,CASH,$0.00 ,$0.00 ,$0.00 
GA7802IN,ALICE WOODHAM,253 LACROSS ROAD,AMERICUS,GA,229-924-7802,CREDIT,$0.00 ,$0.00 ,$81.40 
IL0404DLWK,"ALICIA INTERNATIONAL, INC.",7354 N. CALDWELL AVE.,NILES,IL,847-324-0404,CHECK,"$56,708.25 ",$0.00 ,"$5,764.60 "
AMZ9523JM,AMAZON,1630 SATELLITE BLVD,DULUTH,GA,678-978-9523,COD,"$13,941.70 ",$0.00 ,"$13,941.70 "
AL0726IN,AMBER BELL,699 COVERED BRIDGE PKWY APT O,PRATTVILLE,AL,334-368-0726,CREDIT,$0.00 ,$0.00 ,$48.55 
CA6456IN,AMIPARD HAIR,20359 ANZA   AVE  APT 25,TORRANCE,CA,424-522-6456,CREDIT,$0.00 ,$0.00 ,$146.91 
TX4464KMWK,AMKO TRADING,9889 HARWIN DR. #301-306,HOUSTON,TX,713-783-4464,CHECK,$0.00 ,$0.00 ,"$32,353.67 "
KY2932IN,ANGELS TOUCH LLC,300 STONE LN,HOPKINSVILLE,KY,270-305-2932,CREDIT,$0.00 ,$0.00 ,$0.00 
NJ4116RK,ANNIE'S BEAUTY SUPPLY,1420 ATLANTIC  AVE.,ATLANTIC CITY,NJ,6094374116,CREDIT,$0.00 ,$0.00 ,$0.00 
NC7131KO,ANNS BEAUTY SUPPLY,6119 SOUTH BLVD,CHARLOTTE,NC,704-553-7049,CREDIT,$0.00 ,$0.00 ,
MD2060IN,ARLETTE  WHITLEY,7501 TRAFALGAR CIRCLE  I 169,HANOVER,MD,240-346-2060,CREDIT,$0.00 ,$0.00 ,$0.00 
NE9512IN,ATAJA  FREZELL,3667 SUMMIT STREET,OMAHA,NE,605-690-9512,CREDIT,$0.00 ,$0.00 ,$85.11 
FL4265IN,ATTENTION TO DETAIL BARBER LOUNGE,7255  COLUMNS  CIRCLE  APT 208,NEW PORT RICHEY,FL,973-767-4265,CREDIT,$0.00 ,$0.00 ,$66.67 
NY3928IN,B. RENEWED LLC,1 ELLICOTT ST,ROCHESTER,NY,404-735-3928,CREDIT,$0.00 ,$0.00 ,$227.49 
FR6607WN,BACO DISTRIBUTION,"LAFERODIE, BON ENCONTRE, 47240",,,33652366607,CASH,"$1,080.00 ",$0.00 ,"$1,080.00 "
MD3666HKWK,BARBER XPRESS,5626 MILLWHEEL PL.,COLUMBIA,MD,410-402-3666,CREDIT,$0.00 ,$0.00 ,$255.00 
NY7788RK,"BARBIE BEAUTY SUPPLY, INC",1076 RUTLAND RD,BROOKLYN,NY,347-788-7788,CREDIT,$0.00 ,$0.00 ,$773.50 
NY1300RK,BEAUTY & MORE,311 MERITT AVE.,WYANDANCH,NY,631-643-1300,CREDIT,$0.00 ,$21.85 ,($21.85)
NC3818DLRK,BEAUTY & US SUPPLY,2536 ONSLOW DR.,JACKSONVILLE,NC,910-938-3818,NET30,$307.80 ,$0.00 ,$307.80 
NC9252RN,BEAUTY BAR & SUPPLY,7830 GOOD MIDDLING DR. #A,FAYETTEVILLE,NC,9102239252,CREDIT,$0.00 ,$0.00 ,$331.00 
SC1848WK,BEAUTY CASTLE,2406 DECKER BLVD,COLUMBIA,SC,803-708-1596,NET30,"$11,288.48 ",$0.00 ,"$6,499.78 "
MS0910JMRK,BEAUTY DEPOT (MS),1700 UNIVERSITY  BLVD.,JACKSON,MS,601-354-0910,CHECK,"$1,558.80 ",$0.00 ,$606.00 
FL1123RK,"BEAUTY DEPOT(TAMPA,FL)",3120 E. HILLSBOROUGH AVE.,TAMPA,FL,727-328-3576,COD,$0.00 ,$0.00 ,"$5,195.55 "
FL7800DLWK,BEAUTY ELEMENTS,5519 NW 163RD ST,MIAMI GARDENS,FL,305-621-7800,NET30,"$5,191.18 ",$0.00 ,"$5,191.18 "
AR0202HKRK,BEAUTY GALLERY,6101 COLONEL GLENN RD.,LITTLE ROCK,AR,501-562-0202,COD,"$3,631.23 ",$0.00 ,"$1,732.59 "
GA7944RK,BEAUTY INFINITY MART,4015 HOLCOMB BRIDGE RD. SUITE #210,NORCROSS,GA,404-735-7944,CREDIT,$0.00 ,$0.00 ,$568.48 
TX5487KMWK,BEAUTY KIT SOLUTIONS,5700 BRAXTON DR. SUITE #190,HOUSTON,TX,713-334-5487,CREDIT,$996.00 ,$0.00 ,$996.00 
SC0641DLRK,BEAUTY MART,610 S. CHURCH ST.,SPARTANBUG,SC,864-597-0641,NET30,"$3,154.59 ",$0.00 ,"$1,824.39 "
TX4224RK,BEAUTY MAX,4140 AYERS. ST,CORPUS CHRIST,TX,361-885-4224,COD,$955.50 ,$0.00 ,$955.50 
AL6447RK,BEAUTY OF ANGELS,1300 E. HIGHLAND AVE.,SELMA,AL,334-872-6647,CHECK,"$1,818.64 ",$400.00 ,$794.24 
MD0955RN,BEAUTY PLUS,2107 NORTH CHARLES ST,BALTIMORE,MD,410-685-0955,CREDIT,$0.00 ,$0.00 ,"$1,092.00 "
MS8409RK,BEAUTY SQUAD,"5912 US HIGHWAY 49, SUITE #A3",HATTIESBURG,MS,601-543-0537,COD,"$5,477.76 ",$0.00 ,$36.00 
NC3281RK,BEAUTY WORLD (DUNN),1721 W. CUMBERLAND ST,DUNN,NC,919-683-3281,CHECK,$0.00 ,$0.00 ,"$1,222.13 "
NC3937DLRK,BEAUTY WORLD (DURHAM),2000 CHAPEL HILL RD STE#2,DURHAM ,NC,919-489-3937,NET30,"$1,023.72 ",$0.00 ,$846.86 
NC9089DLRK,BEAUTY WORLD (HENDERSON),981 S BECKFORD DR.,HENDERSON,NC,252-438-9089,CREDIT,$0.00 ,$0.00 ,"$1,047.40 "
TN0197RK,BEAUTY WORLD (JACKSON TN),"865 VANN DR.  STE, E-G",JACKSON,TN,731-660-0197,CREDIT,$0.00 ,$0.00 ,
NC0077DLRK,BEAUTY WORLD (KINSTON) ,2427 N HERRITAGE ST,KINSTON,NC,252-523-0077,CHECK,$0.00 ,$0.00 ,$0.00 
NC1228DLRK,BEAUTY WORLD (ROCKY MT),1998 STONE ROSE DR.,ROCKY MOUNT,NC,252-446-1228,NET30,"$3,205.86 ",$0.00 ,$817.27 
NC0661DLRK,BEAUTY WORLD (WILSON),1301 WARD BLVD #K,WILSON,NC,252-399-0661,CHECK,$290.70 ,$0.00 ,$290.70 
NC3281DLRK,BEAUTY WORLD SUPPLY(DURHAM),1418 AVONDALE DR.,DURHAM,NC,919-683-3281,CHECK,"$1,736.30 ",$0.00 ,"$1,736.30 "
NC2323RK,BEAUTY WORLD(GREENVILLE),2308 S. MEMORIAL DR.,GREENVILLE,NC,252-321-2323,CHECK,$0.00 ,$0.00 ,$0.00 
TX7520RN,BENNETT BEAUTY&BARBER SUPPLY,13820 WESTHEIMER RD,HOUSTON,TX,281-752-7520,CREDIT,$0.00 ,$0.00 ,
PA8949HKWK,BEN'S BEAUTY SUPPLY DISTRIBUTOR INC,6900 LINDBERGH BLVD.,PHILADELPHIA,PA,866-634-8949,NET30,$0.00 ,$0.00 ,"$5,956.50 "
TX0025KMWK,BEN'S BEAUTY SUPPLY DISTRIBUTOR INC.,5631 HARTSDALE DR.,HOUSTON,TX,713-789-0025,NET30,"$3,026.22 ",$0.00 ,"$3,026.22 "
MD4600HKWK,BEN'S BEAUTY SUPPLY DISTRIBUTOR INC.,7855 RAPPAHANNOCK AVE.,JESSUP,MD,410-799-4600,NET30,$0.00 ,$0.00 ,"$9,329.00 "
OH3702IN,BERNARD YOUNG,815 OAK STREET,CINCINNARTI,OH,513-236-3702,CREDIT,$0.00 ,$0.00 ,$0.00 
GA8080JMWK,BESCO,6100 BUFORD HWY,ATLANTA,GA,770-729-8080,NET30,"$22,150.29 ","$13,321.37 ","$3,887.59 "
PA7473JMWK,BIG MAN TRADING INC.,5010 N. MASCHER ST.,PHILADELPHIA,PA,215-457-7473,NET30,"$13,674.96 ",$0.00 ,"$6,332.70 "
CA8787IN,BILL HAYDEN,7028  VIA  VALVERDE,SAN JOSE,CA,408-532-8787,CREDIT,$0.00 ,$0.00 ,$53.33 
TN0802IN,"BLACK ROYAL ESSENTIALS, LLC",4246 HILLGATE COVE,MEMPHIS,TN,901-480-0802,CREDIT,$0.00 ,$0.00 ,$0.00 
IL5395IN,BREANNA  WILLIS,14990 MARKHAM DR,HARVEY,IL,708-541-5395,CREDIT,$0.00 ,$0.00 ,$0.00 
LA4946WN,BROTHERS WHOLESALE,531 HOLMES BLVD. STE # B,GRETNA,LA,504-715-4946,CREDIT,$0.00 ,$0.00 ,"$7,917.50 "
SC9133DLWK,BYESSENCE BEAUTY(J&D ENT.),1815 WILSON RD.,NEWBERRY,SC,803-597-5266,COD,"$2,943.50 ",$0.00 ,"$1,448.30 "
MS3455SKRK,C&C BEAUTY SUPPLY 2,3966 GOODMAN RD,HORN LAKE,MS,662-280-3455,COD,"$4,452.93 ",$0.00 ,"$1,448.01 "
FL4785WK,C&L TRADING OF MIAMI,12847 NW. 45TH AVE.,OPA LOCKA,FL,305-576-4785,NET30,"$258,236.29 ",$388.80 ,"$6,084.00 "
TN1815RK,C&P BEAUTY SUPPLY,3672 HICKORY HILL RD,MEMPHIS,TN,901-367-1815,NET 15,$0.00 ,$0.00 ,$734.40 
CR9298WN,CASA CESAR N.V.,WINSTON CHURCHILLWEG 25,CURACAO,,599 9 512 9298,CASH,$0.00 ,$0.00 ,"$2,505.00 "
SC6326IN,CHANEL HEGETSCHWEILER,265 DELBOURNE LN,GREER,SC,619-361-6326,CREDIT,$0.00 ,$0.00 ,$0.00 
GA7734RK,CHAPEL BEAUTY SUPPLY,3564 WESLEY CHAPLE RD.,DECATUR,GA,770-987-7734,CHECK,$460.00 ,$0.00 ,$460.00 
GA4425IN,CHERELLE RENEE INC,5989 SOUTHLAND DRIVE,STONE MOUNTAIN,GA,678-677-4425,CREDIT,$0.00 ,$0.00 ,$496.81 
NY7695HKIN,CHERYL ROSS,12908 LIBERTY AVENUE,RICHMOND HILL,NY,268-726-7695,CREDIT,$0.00 ,$0.00 ,$0.00 
CA8683IN,CHRISTIAN SMITH,1915 W MARTIN LUTHER KING BLVD  APT 200,LOS ANGELES,CA,323-533-8683,CREDIT,$0.00 ,$0.00 ,$54.03 
TX1055RK,CHRISTINE WIG & B/S,2033 AIRLINE RD. STE# F,CORPUS CHRIST,TX,361-993-1055,COD,$0.00 ,$0.00 ,
AL2005RK,CIC & M INC (BEAUTY MARK),1621 SKYLAND BLVD. E,TUSCALOOSA,AL,205-556-2005,NET30,"$2,295.81 ",$0.00 ,"$2,295.81 "
ON6572WK,CLORE CANADA INC.,5145 SATELLITE DR.,MISSISSAUGA,ON,416-787-6572,CASH,"$20,719.13 ",$0.00 ,"$20,699.13 "
NC7868IN,CONCEITED THE SALON,806 WILLOWEDGE CT,KNIGHTDALE,NC,,CREDIT,$0.00 ,$0.00 ,$37.87 
AL1230RK,CORNER BEAUTY SUPPLY,3065 SPRING HILL AVE.,MOBILE,AL,251-478-1230,NET60,"$1,250.55 ",$0.00 ,"$1,250.55 "
NY3424IN,CRISTAL  TAILOR,353 BEACH 54TH STREET  APT 6B,FAR ROCKAWAY,NY,347-759-3424,CREDIT,$0.00 ,$0.00 ,$0.00 
NY8330RN,CRM DEALS,1474  60TH  ST.,BROOKLYN,NY,917-966-8330,CREDIT,$0.00 ,$0.00 ,"$9,798.30 "
NC1437IN,CURTIS BASS,524 W. CENTER ST,MEBANE,NC,919-415-1437,CREDIT,$172.24 ,$0.00 ,$172.24 
GA1005HKWK,CY LADY,1625 LAKES PKWY.,LAWRENCEVILLE,GA,678-226-1005,NET60,"$49,206.05 ",$979.20 ,"$1,460.70 "
PA3823IN,"CYNCITYCUTZ, LLC",526 MANNING AVENUE,MCKEESPORT,PA,412-313-3823,CREDIT,$0.00 ,$0.00 ,$34.29 
IL6111WK,D&G TRADING,6218 W. MADISON COURT,MORTON GROVE,IL,847-583-8862,CREDIT,$0.00 ,$18.00 ,"$5,671.20 "
PA1557IN,DANYELLE BELLINGER,711 VILLA  DR,CHESTER,PA,267-476-1557,CREDIT,$0.00 ,$0.00 ,$0.00 
KY0122IN,DASAUN MARSHALL,10407  COACHOUSE  PL,LOUISVILLE,KY,502-727-0122,CREDIT,$0.00 ,$0.00 ,$0.00 
PA1214IN,DASIA'VU,62 RAILROAD AVE,KINGSTON,PA,570-540-1214,CREDIT,$0.00 ,$0.00 ,$0.00 
IL1515WK,DASO TRADING INC.,7305 N. LINDER AVE.,SKOKIE,IL,847-675-1515,NET30,"$8,310.60 ",$0.00 ,"$8,310.60 "
GA5824IN,DEBORAH  WRIGHT,4608 HERTY DRIVE,SAVANNAH,GA,912-341-5824,CREDIT,$0.00 ,$0.00 ,$0.00 
MS9216IN,DEBORAH PEPPER,2314 W CLUBVIEW CIRCLE,YAZOO,MS,662-571-9216,CREDIT,$0.00 ,$0.00 ,$72.01 
NJ0577IN,DEHAMEEN BELLAMY,44. 1/2  3RD  STREET 2ND FL,NEWARK,NJ,973-766-0577,CREDIT,$0.00 ,$0.00 ,$82.43 
IL8184HKWK,DELMAR WHOLESALE,5924 N. ILLINOIS ST.,FAIRVIEW HEIGHTS,IL,314-436-8184,CHECK,$0.00 ,$0.00 ,"$4,459.00 "
MD8387IN,DEOLAS TOUCH,12417 POPLAR VIEW DRIVE,BOWIE,MD,,CREDIT,$0.00 ,$0.00 ,$111.22 
CA4322IN,DESTINY  CARTER,4017 PALMWOOD DRIVE  APT. 3,LOS ANGELES,CA,310-618-4322,CREDIT,$0.00 ,$0.00 ,$0.00 
LU0831WN,DIAMOND GIRL BEAUTY SUPPLY,#2 BRIDGE STREET ,CASTRIES  ST. LUCIA,,1-758-456-0831,WIRE,"$5,936.70 ",$0.00 ,"$5,936.70 "
FL8559IN,DIVINE DESIGNS BY ASHLEY,2522 CAPITAL CIRCLE NE SUITE 9,TALLAHASSEE,FL,8509808559,CREDIT,$0.00 ,$0.00 ,$208.99 
IN0298RK,DJ BEAUTY SUPPLY,4235 LAFAYETT RD.,INDIANAPOLIS,IN,317-328-0298,CHECK,$855.01 ,$0.00 ,$855.01 
NC0117IN,DNR BEAUTY,330 CHERRY RUN CENTER,WASHINGTON,NC,252-947-0117,CREDIT,$0.00 ,$0.00 ,$0.00 
TX0147RN,DOLLAR POINTE INC,2302 S HWY 121 BUSINESS  SUITE 150,LEWISVILLE,TX,214-513-0147,CREDIT,$0.00 ,$0.00 ,$387.00 
NV6166IN,DOROTHY  L SMITH,1131 RALSTON DR,LAS VEGAS,NV,702-581-6166,CREDIT,$0.00 ,$0.00 ,$0.00 
MO1000WK,DT TRADING,10795 MIDWEST INDUSTRIAL BLVD,ST LOUIS,MO,314-652-1000,NET30,"$7,783.23 ",$0.00 ,"$3,203.33 "
GA1341JMWK,EBS IMPORT&WHOLESALE,1049 INDUSTRIAL COURT #F,SUWANEE,GA,404-509-1522,NET 45,"$23,092.21 ",$0.00 ,"$1,300.38 "
NJ1405IN,ELAN SALON,33-39 GREENWOOD AVE,MONTCLAIR,NJ,973-744-1405,CREDIT,$0.00 ,$0.00 ,$0.00 
FL2566IN,ELIE PIERRE,5121 NE 15TH  AVE,POMPANO BEACH,FL,954-391-2566,CREDIT,$0.00 ,$0.00 ,$98.89 
CA9056IN,ELISE BEAUTY SUPPLY,3186 CONTRA  LOMA  BLVD.  STE 325,ANTIOCH,CA,925-628-9056,CREDIT,$0.00 ,$0.00 ,$150.96 
NC1069IN,ELIZABETH JONES,206 LITTLE  ST,LINCOLNTON,NC,980-241-1069,CREDIT,$0.00 ,$0.00 ,$54.55 
GA0345JMWK,EMPRESS BEAUTY DISTRIBUTORS,5815 BROOK HOLLOW PKWY. SUITE #D ,NORCROSS,GA,770-409-0345,NET30,"$4,884.90 ",$0.00 ,"$4,884.90 "
LA4102RK,ESSENCE BEAUTY DEPOT,1241 GRAND CAILLOU RD.,HOUMA,LA,985-580-4102,CREDIT,$0.00 ,$0.00 ,$793.80 
OH4115RK,ESSENCE BEAUTY MART,1880 W. MARKET ST.,AKRON,OH,330-867-4115,NET30,$0.00 ,$0.00 ,$903.04 
NC1133IN,EVELYN BRANCH,616 BROAD ST W,WILSON,NC,252-363-1133,CREDIT,$0.00 ,$0.00 ,$0.00 
GA9510RK,EVERGREEN BEAUTY,3814 SALEM RD.,COVINGTON,GA,770-728-4932,NET30,"$4,015.20 ",$0.00 ,"$1,814.00 "
TX6993WK,EXPO TRADING,9889 HARWIN DR. SUITE #411-413,HOUSTON,TX,,NET30,"$13,280.66 ",$0.00 ,"$2,727.16 "
NY2227RN,FARMERS BEAUTY SUPPLY(NY),117-25 FARMERS BLVD,SAINT ALBANS,NY,718-470-2227,CREDIT,$0.00 ,$0.00 ,$524.40 
FL9447KO,FASHION WORLD,1201 APALACHEE PARKWAY,TALLAHASSEE,FL,850-219-9447,CREDIT,$0.00 ,$0.00 ,"$2,034.45 "
VI7587WN,FIRST CHOICE BEAUTY INC,SPROTTS PLAZA  BAY STREET,"KINGSTOWN,ST.VINCENT",,1-784-485-7587,WIRE,"$12,267.90 ",$0.00 ,"$12,267.90 "
CA8270RN,FORESTA  BOUTIQUE,2612 W SUNSET BLVD.,LOS ANGELES,CA,323-526-8270,CREDIT,$0.00 ,$0.00 ,"$1,950.00 "
FL8403IN,FRANCIS SHERWOOD,8231 NW 54TH COURT,LAUDERHILL,FL,,CREDIT,$0.00 ,$0.00 ,
FL4784WN,"G MAN USA, LLC",6704 PARKE EAST BLVD,TAMPA,FL,813-620-1624,CREDIT,$0.00 ,$0.00 ,"$3,156.00 "
GA3332RK,G&A BEAUTY SUPPLY,3780 OLD NORCROSS RD.,DULUTH,GA,678-205-3332,CHECK,$454.80 ,$0.00 ,$454.80 
MD3901IN,GAMILA LEE,4402 FREESTONE LANE  #104,NOTTINGHAM,MD,443-490-3901,CREDIT,$0.00 ,$0.00 ,$0.00 
CA3355JMWK,"GENERAL IMPORT ENTERPRISES, INC.",3041 BANDINI BLVD.,VERNON,CA,323-268-3355,COD,$0.00 ,$0.00 ,"$1,410.00 "
GA0965IN,GERALDINE  RAMSEUR,1746  HARROGATE DRIVE,AUGUSTA,GA,706-834-0965,CREDIT,$0.00 ,$0.00 ,$66.13 
CT8886IN,GERALDINE MURRAY,169 OAKLAND AVE,NEW BRITAIN,CT,973-259-8886,CREDIT,$0.00 ,$0.00 ,$96.21 
FL0316IN,GET SET STYLE,1707 S PERIMETER RD  HNGR 33B SUITE 14395,FT LAUDERDALE,FL,954-909-0316,CREDIT,$0.00 ,$0.00 ,$0.00 
NJ2001RK,GG10,21 GRAND AVE #209,PALISADES PARK,NJ,201-313-0700,CHECK,$0.00 ,$0.00 ,"$9,300.00 "
NY8019IN,GLAM HAIR BY WENDY,239 JEFFERSON ST APT 2B,BROOKLYN,NY,347-897-8019,,$0.00 ,$0.00 ,$172.30 
GA0600JMWK,GLOBAL BEAUTY CORP.,3020 EVERGREEN DR.,DULUTH,GA,770-263-0600,NET30,"$7,779.63 ",$0.00 ,"$1,516.67 "
PA3377JMWK,GOLDEN CROSS,5139 N. 5TH ST.,PHILADELPHIA,PA,215-455-3377,CHECK,"$18,640.00 ",$0.00 ,"$4,938.00 "
PA4035JMWK,GRACE WORLD,328 W. WYOMING AVE.,PHILADELPHIA,PA,215-324-4035,NET30,"$15,686.82 ",$0.00 ,"$2,262.90 "
SC0000RK,HAIR BOSS,7367 TWO NOTCH RD.,COLUMBIA,SC,803-764-0000,NET30,"$6,512.50 ",$472.00 ,"$2,076.10 "
GA0716IN,HAIR BY JELISA,4120 WOODCREST IN,POWDER SPRINGS,GA,404-205-0087,CREDIT,$0.00 ,$0.00 ,$44.34 
KY5963RK,HAIR CITY,848 JOE CLIFTON DR.,PADUCAH,KY,270-534-5963,CREDIT,$0.00 ,$0.00 ,
LA0664RK,HAIR CROWN BEAUTY SUPPLY,3905 CHOCTAW DR.,BATON ROUGE,LA,225-358-0664,CREDIT,"$1,992.00 ",$0.00 ,"$1,992.00 "
OH7997SKRK,HAIR DEPOT PLUS(COLUMBUS),1661 E. DUBLIN GRANVILLE RD,COLUMBUS,OH,614-396-7997,NET30,"$2,375.12 ",$0.00 ,"$1,369.60 "
OH1149RK,HAIR DEPOT PLUS(WARREN),4443 YOUNGSTOWN RD,WARREN,OH,330-898-1149,NET30,"$2,217.28 ",$0.00 ,"$1,147.20 "
OH7656RK,HAIR DEPOT PLUS(YOUNGSTOWN),4026 MARKET ST,YOUNGSTOWN,OH,330-788-7656,NET30,"$1,797.20 ",$0.00 ,"$1,797.20 "
LA9966RN,HAIR GALLERIA BEAUTY SUPPLY,5953 PLANK RD.,BATON ROUGE,LA,225-478-9966,CREDIT,$0.00 ,$0.00 ,"$1,618.80 "
OH9777RK,HAIR JOY,3531  CLEVELAND AVE,CLEVELAND ,OH,614-268-9777,CREDIT,$0.00 ,$0.00 ,
OH4100RK,HAIR PLUS (OHIO),4641 MORSE CENTER RD,COLUMBUS,OH,614-430-9909,NET60,"$4,543.20 ",$0.00 ,$991.84 
NY0838JMWK,HANA UNIVERSAL TRADING,27 WEST 27TH ST,NEW YORK,NY,212-696-0838,COD,"$5,815.00 ",$0.00 ,"$3,177.00 "
NY9248WK,HELLO BANANA INC.,1179 BROADWAY UNIT B,NEW YORK,NY,212-213-9248,CREDIT,"$21,084.06 ",$0.00 ,"$7,629.66 "
NJ9007IN,HOUSE OF BEAUTY THE NEXT LEVEL SALON & BEAUTY SUPPLY,140 S. WHITE HORSE PIKE,SOMERDALE,NJ,609-663-9007,CREDIT,$0.00 ,$0.00 ,
NC3450DLRK,I BEAUTY,3131 CAPITAL BLVD,"RALEIGH,",NC,984-200-3450,NET30,"$2,306.73 ",$0.00 ,$353.60 
NC4030DLRK,I BEAUTY,1601 CROSS LINK RD.,RALEIGH,NC,919-832-4030,CREDIT,$0.00 ,$0.00 ,$562.50 
NC0661RK,I BEAUTY (3233 AVENT FERRY),3233 AVENT FERRY RD,RALEIGH,NC,252-399-0661,NET30,$0.00 ,$0.00 ,$529.98 
NY0363WN,I BEAUTY CORP (NY),46 WEST 29TH STREET 1'ST FL,NEWYORK,NY,917-262-0363,CREDIT,"$5,572.00 ",$0.00 ,"$5,572.00 "
CA4474RK,IC BEAUTY SUPPLY,2551 EAST AVE. S  SUITE #C,PALMDALE,CA,661-622-4474,COD,"$1,131.50 ",$0.00 ,"$1,131.50 "
MI2880RK,ICON BEAUTY,G-3537 MILLER RD.  UNIT #37,FLINT,MI,810-230-0885,CREDIT,$0.00 ,$0.00 ,$305.55 
NC1956IN,INFINITY BEAUTY BAR,10532  HILL POINT CT,CHARLOTTE,NC,980-202-1956,CREDIT,$0.00 ,$0.00 ,$96.36 
SC6704IN,INNOVATIVE  SALON,2507 LEO DR,DARLINGTON,SC,843-857-6704,CREDIT,$0.00 ,$0.00 ,$65.33 
OH8527IN,ISALON PLUS,3435 EAST 102ND STREET,CLEVELAND,OH,216-673-8527,CREDIT,$0.00 ,$0.00 ,$115.63 
GA8796,ITSAMAZING BEAUTY,8303 WHITE BLUFF  RD,SAVANNAH,GA,(912)920-8796,CREDIT,$0.00 ,$0.00 ,$0.00 
MI4410IN,J ANTHONY SALON SPA LLC,23743 MERRILL AVE,SOUTHFIELD,MI,313-826-4410,CREDIT,$0.00 ,$0.00 ,$0.00 
IL8989RK,J&J BEAUTY (IL),6702 N. CRAWFORD AVE.,LINCOLNWOOD,IL,847-674-4002,CHECK,$0.00 ,$0.00 ,$0.00 
GA8787JMRK,J&J BEAUTY SUPPLY,3638 HWY 138 SE,STOCKBRIDGE,GA,770-507-8787,NET30,$0.00 ,$0.00 ,$342.98 
CA5784IN,JACKSONGOODS,1415 BROADWAY 219,ALAMEDA,CA,510-865-5784,CREDIT,$0.00 ,$0.00 ,$54.00 
NC6724DLRK,JAJ BEAUTY SUPPLY,1011 S. CANNON BLVD.,KANNAPOLIS,NC,704-938-6724,CREDIT,$0.00 ,$0.00 ,"$1,918.48 "
OH8989RK,JC BEAUTY & FASHION,689 NORTHLAND BLVD.,CINCINNATI,OH,513-825-8989,NET30,"$1,533.84 ",$0.00 ,"$1,533.84 "
TX4161IN,JEARON THOMPSON,1312 EAST CHESTNUT AVE,MIDLAND,TX,432-889-4161,CREDIT,$0.00 ,$0.00 ,$0.00 
NJ1335IN,JEMIERA CLARK,1 MARION CT,EWING,NJ,609-331-1335,CREDIT,$0.00 ,$0.00 ,$0.00 
PA1331IN,JIMMIE MACK,1124 SUTHERLAND ST,PITTSBURGH,PA,412-656-1331,CREDIT,$0.00 ,$0.00 ,$55.33 
CA5624WK,"JOAH INTERNATIONAL, INC.",2366 ALVARADO ST. SUITE #2A,SAN LEANDRO,CA,510-352-5624,COD,"$21,425.32 ",$100.00 ,"$7,688.40 "
KS7478IN,JON CRAWFORD,542 FRONTIER ROAD  #E510,LAWRENCE,KS,785-213-7478,CREDIT,$0.00 ,$0.00 ,$0.00 
TX6603IN,JOSEPH HENRY,434 ESSEX DR.,MESQUITE,TX,214-554-6603,CREDIT,$0.00 ,$0.00 ,$0.00 
FL4753IN,JOYCE PROPST,5505 HERNANDES DRIVE.  APT 104,ORLANDO,FL,407-683-4753,CREDIT,$0.00 ,$0.00 ,$85.83 
FL6164HKRN,JUNE BEAUTY SUPPLY,931 N. STATE ROAD 434  SUITE#1225,ALTAMONTE SPRINGS,FL,407-335-4358,CREDIT,$0.00 ,$0.00 ,$328.80 
CA4343IN,K & K BEAUTY SUPPLY,2420 SAND CREEK RD,ANTIOCH,CA,925-206-4343,CREDIT,$0.00 ,$0.00 ,$0.00 
GA8645HKWK,K PLUS,2885 MACON CT.,SUWANEE,GA,770-883-8645,NET30,"$1,971.53 ",$0.00 ,"$1,971.53 "
TX6045IN,KENDRICK HOWELL,522 ROYAL CT,SAN ANTONIO,TX,843-364-6045,CREDIT,$61.73 ,$0.00 ,$61.73 
GA5712IN,KEVIN THOMAS,1929 WOODSIDE ROAD,AUGUSTA,GA,772-584-5712,CREDIT,$0.00 ,$0.00 ,
MI2037HKIN,KEYAIR NICO LLC,167 MANCHESTER PKWY,HIGHLAND PARK,MI,313-850-2037,CREDIT,$0.00 ,$0.00 ,$0.00 
OH4100DLRK,KING J FASHION & BEAUTY,2050 LOCKBOURNE RD.,COLUMBUS,OH,614-443-4100,CHECK,$712.08 ,$0.00 ,$712.08 
SC0066DLRK,KING'S BEAUTY,6432 TWO NOTCH RD. #L,COLUMBIA,SC,803-786-0066,NET30,$0.00 ,$0.00 ,$309.00 
SC9099TBM,KINGS BEAUTY SUPPLY (MAULDIN SC),117 W. BUTLER RD.,MAULDIN,SC,864-676-9099,NET30,"$2,707.34 ",$0.00 ,"$1,570.38 "
GA1868WK,"KLY GROUPS, INC.",2885 N. BERKELEY LAKE RD. NW SUITE #16,DULUTH,GA,470-282-1868,CHECK,$0.00 ,$0.00 ,"$6,258.60 "
CA9930WK,KORI AMERICA INC.,3115 S. MAIS ST.,LOS ANGELES,CA,213-748-9930,NET30,"$29,357.34 ",$0.00 ,"$12,891.59 "
NC6442IN,L&K LUXURY PONYTAILS AND WIGS,51 BUCK SHOALS RD,ARDEN,NC,828-767-6442,CREDIT,$0.00 ,$0.00 ,$39.99 
SC5796IN,LAKEISHA M WAITERS,2065 S CENTER RD,DARLINGTON,SC,843-610-5796,CREDIT,$0.00 ,$0.00 ,$46.87 
AL5768HKIN,LAKEISHA WILLIAMS,127 MISTY RIVER LANE SW,HUNTSVILLE,AL,205-821-5768,CREDIT,$0.00 ,$0.00 ,$0.00 
CA9401HKIN,LEAISHAH TURNER,1406 PINOLE VALLEY ROAD,PINOLE,CA,510-731-9401,CREDIT,$0.00 ,$0.00 ,$44.44 
AL1699RK,LEE BEAUTY SUPPLY,1995 COLISEUM BLVD.,MONTGOMERY,AL,334-244-1699,NET30,$0.00 ,$0.00 ,$355.05 
OH1373IN,LEIA' LOVE HAIR & NAIL SALON LLC.,2950 W. MARKET ST.  SUITE K,FAIRLAWN,OH,330-338-1373,CREDIT,$0.00 ,$0.00 ,$166.00 
TX8094IN,LEONDRA WASHINGTON,12818 SANDHURST DR,HOUSTON,TX,832-457-8094,CREDIT,$0.00 ,$0.00 ,$0.00 
TX8380IN,LIFESTYLE LUXE,4910 BRICKER ST,HOUSTON,TX,832-729-8380,CREDIT,$0.00 ,$0.00 ,$94.53 
NY7931RN,LISA STATEN ISLAND BEAUTY SALON,472 JERSEY ST,STATEN ISLAND,NY,7-962-7931,CREDIT,$0.00 ,$0.00 ,$492.00 
MN2009RN,LOC'D UP KREATIONZ STUDIO,301 AVENUE D,CLOQUET,MN,218-269-2009,CREDIT,$0.00 ,$0.00 ,"$1,218.00 "
TX3485KMWK,"LUCKY TRADING, INC.",11252 HARRY HINES BLVD. SUITE # 202,DALLAS,TX,972-243-3485,CREDIT,$0.00 ,$0.00 ,"$5,377.68 "
NY0775IN,LYALA JONES,1735 YORK AVE 16D,NEW YORK,NY,914-330-0775,CREDIT,$0.00 ,$0.00 ,$0.00 
ON9588WK,MAGIC BM TRADING CO LTD,140 WENDELL AVE UNIT 3,TORONTO  ONTARIO,,416-256-9588,WIRE,$0.00 ,$0.00 ,
FL9421IN,MAHOGANY SALON AND SPA,4130 BEAR LAKES CT #303,WEST PALM BEACH,FL,954-200-9421,CREDIT,$0.00 ,$0.00 ,$178.37 
MD7384IN,MAIN STREET BARBERSHOP,804 E MAIN ST,SALISBURY,MD,443-736-7384,CREDIT,$0.00 ,$0.00 ,$81.63 
AL1567RK,"MAMMOTH BEAUTY, INC.#1",181-A EASTERN BLVD,MONTGOMERY,AL,334-593-1567,NET30,"$4,870.79 ",$0.00 ,$519.60 
AL2616RK,"MAMMOTH BEAUTY, INC.#2",5064 VAUGHN RD.,MONTGOMERY,AL,,NET30,"$1,191.84 ",$0.00 ,$656.80 
TN8026IN,MARC  JOPLIN,2829 STAGE PARK DR.,MEMPHIS,TN,901-485-5411,CREDIT,$0.00 ,$0.00 ,$61.76 
TX7240RN,"MEG RENNINGER, LLC.",1504 FAIRMOUNT AVE.,FORT WORTH,TX,817-301-7240,CREDIT,$0.00 ,$0.00 ,
AZ8837IN,MELVIRA'S HAIR STUDIO,6900 EAST BROADWAY BLVD,TUCSON,AZ,520-409-8837,CREDIT,$0.00 ,$0.00 ,$0.00 
IL3777IN,MERLIN  KING,9817  SOUTH PARNELL AVE.,CHICAGO,IL,773-445-3777,CREDIT,$0.00 ,$0.00 ,$40.65 
NY7279IN,MINNIE CALDWELLHALL,9510 TRANSIT ROAD APT 238,EAST AMHERST,NY,716-541-7279,CREDIT,$0.00 ,$0.00 ,
MS6953IN,MIRIAM TURNER,217 EASTWOOD DRIVE,COLUMBUS,MS,254-319-6953,CREDIT,$0.00 ,$0.00 ,$0.00 
IL0900WK,MISSION TRADING,6324 GROSS POINT RD.,NILES,IL,847-647-0900,NET30,"$20,423.55 ",$0.00 ,"$2,811.25 "
TX8035IN,MISTURA LONGEOTTO,3411 BRINMONT PLACE LANE,KATY,TX,832-213-8035,CREDIT,$0.00 ,$0.00 ,$111.75 
NJ5791IN,MONIQUE BALDON,543 HEMLOCK ST,RAHWAY,NJ,9083805791,CREDIT,$0.00 ,$0.00 ,$0.00 
NC6852IN,MONIQUE MICHELLE THE STUDIO,2712 LOMOND STREET,WINSTON-SALEM,NC,336-414-6852,CREDIT,$0.00 ,$0.00 ,$0.00 
FL8491IN,NAKI,629 LA SALLE DR,ALTAMONTE SPRINGS,FL,321-439-8491,CREDIT,$331.18 ,$0.00 ,$331.18 
FL2891IN,NAOMIE G HAIR BRAIDING INC,4636 CASON COVE DR  APT 509,ORLANDO,FL,407-800-2891,CREDIT,$0.00 ,$0.00 ,$50.65 
NY6433IN,NATISHA  SEALY,65 WOODLAWN  AVE,RONKONKOMA,NY,404-547-6433,CREDIT,$0.00 ,$0.00 ,$75.00 
MS2623IN,NELL'S UNIQUE BEAUTY SALON,12091 HWY 503,NEWTON,MS,601-513-2623,CREDIT,$36.28 ,$0.00 ,$36.28 
DE7290HKRN,NEWTOWN HAIR & BEAUTY SUPPLY,865 N. BROAD ST.,MIDDLETOWN,DE,302-376-7290,CREDIT,$0.00 ,$0.00 ,$865.50 
TX1217IN,NIVAY SERVICES LLC,21103 PRAIRIE GREEN COURT,RICHMOND,TX,832-495-1217,CREDIT,$0.00 ,$0.00 ,$114.98 
IL0151WK,NOAH INTERNATIONAL CO.,225 LARKIN DR. UNIT #6,WHEELING,IL,847-520-8272,NET30,"$27,254.53 ",$0.00 ,"$5,568.90 "
AB5663WN,NYLA BEAUTY SUPPLY INC,1000-9TH AVENUE SW    UNIT 102,CALGARY,AB,403-400-5663,WIRE,$0.00 ,$0.00 ,$16.00 
CA0572WK,OH TRADING,13220 S. WESTERN AVE,GARDENA,CA,213-905-0572,COD,"$43,028.82 ",$0.00 ,"$8,980.92 "
GA6441RK,OK BEAUTY & FASHION,107 WEST JEFFERSON ST.,AMERICUS,GA,229-931-6441,NET30,$0.00 ,$0.00 ,$576.24 
NY0938IN,OMAR GRAHAM,778 REMSEN AVENUE,BROOKLYN,NY,917-873-0938,CREDIT,$0.00 ,$0.00 ,$60.86 
MD3150HKWK,P&J TRADING (MD),8265 PATUXENT RANGE RD. SUITE #F,JESSUP,MD,301-310-1200,NET60,"$158,238.74 ",$0.00 ,"$13,020.70 "
NJ4716IN,PALACE BEAUTY SUPPLY LIMITED ,138  BLOOMFIELD  AVE,NEWARK,NJ,973-483-4716,CREDIT,$0.00 ,$0.00 ,"$1,085.00 "
NY9384DLWK,PALMS FASHION INC.,146W. 29TH ST.,NEW YORK,NY,212-779-9384,COD,$0.00 ,$0.00 ,"$5,109.96 "
NY5126IN,PAUL CHAPMAN,1382 DUMONT AVE,BROOKLYN,NY,917-921-5126,CREDIT,$86.86 ,$0.00 ,$86.86 
MD8000JMWK,PAUL'S BEAUTY WHOLESALE,8601 RITCHIE DR. STE.#A,CAPTOL HEIGHTS,MD,301-333-8000,NET30,$481.65 ,$0.00 ,$481.65 
PA4761IN,PER'RIHON,2726 TREE TERRACE,PHILADELPHIA,PA,424-558-4761,CREDIT,$0.00 ,$0.00 ,$0.00 
PGM SALES,PGM SALES,1550 BIRCHWOOD AVE.,DES PLAINES,IL,847-375-0099,NET30,"$43,963.98 ",$0.00 ,"$11,595.70 "
IL8080WK,"PK INTERNATIONAL, INC.",5445 N. ELSTON AVENUE.,CHICAGO,IL,773-282-8080,NET60,"$89,325.76 ",$81.00 ,"$75,561.16 "
NJ7569HKWK,PKNY INTERNATIONAL INC.,1 CAESAR PLACE,MOONACHIE,NJ,201-939-7569,NET60,"$38,027.00 ",$0.00 ,"$38,027.00 "
TN7582WK,"POPULAR PRODUCTS, INC.",816 JACKSON AVE.,MEMPHIS,TN,901-526-7582,NET 45,"$19,470.02 ",$0.00 ,"$4,826.72 "
WA6268IN,POSITIVE VIBES,1911 S COMMONS,FEDERAL WAY,WA,206-355-6268,CREDIT,$0.00 ,$0.00 ,$535.00 
NJ8548JMWK,PRIME CK,200 WHITEHEAD RD   SUITE #202-B,TRENTON,NJ,609-588-8988,COD,"$106,788.38 ",$38.48 ,"$8,084.31 "
MD2841HKRN,QUEEN'S BEAUTY SUPPLY,2709 LAURETTA  AVE.,BALTIMORE,MD,443-931-2841,CREDIT,$0.00 ,$0.00 ,$585.00 
NY3178HKRK,QUEEN'S BEAUTY SUPPLY,109-72 FRANCIS LEWIS BLVD.,QUEENS VILLAGE,NY,718-479-3178,CREDIT,$0.00 ,$0.00 ,$486.44 
MD5117IN,RACHEL RICKS,3423 EDCREST RD,WINDSOR MILL,MD,410-227-5117,CREDIT,$0.00 ,$0.00 ,$63.26 
CA5989IN,REGGAE WORLD,6671 MULBERRY ST,SAN DIEGO,CA,619-296-5989,CREDIT,$0.00 ,$0.00 ,$118.27 
CA8249IN,ROBERT CLARK,2671 RENO DR.,SAN JOSE,CA,408-639-8249,CREDIT,$0.00 ,$0.00 ,$84.00 
CA9360HKIN,ROBERTA ROGERS,369 S DOHENY DR  #145,BEVERLY HILLS,CA,323-228-9360,CREDIT,$0.00 ,$0.00 ,$305.29 
OH9945RK,ROSE BEAUTY SUPPLY,644 N. HOWARD ST.,AKRON,OH,330-376-9945,NET30,$0.00 ,$0.00 ,$667.04 
OK2337IN,S & W BEAUTY SUPPLY,205 W BROADWAY ST,ALTUS,OK,580-649-2337,CREDIT,$238.19 ,$0.00 ,$238.19 
OH0249RK,S AND K BEAUTY LLC,914 N CABLE RD,LIMA,OH,513-771-0249,CREDIT,$0.00 ,$0.00 ,$595.58 
FL0472IN,SAMMY HAKIM,1965 S OCEAN DR  UNIT 9E,HALLANDALE BEACH,FL,954-681-0472,CREDIT,$0.00 ,$0.00 ,$0.00 
IL9340WK,SAM'S BEAUTY,1000 E BUSINESS CENTER DR,MT PROSPECT,IL,847-966-9340 X1,COD,$0.00 ,$0.00 ,"$1,231.20 "
SC8835IN,SAMUEL FLOYD,7305 BROWN THRASHER CT.,HANAHAN,SC,843-553-8835,CREDIT,$0.00 ,$0.00 ,$61.50 
GA9387DLRK,SANDY'S HAIR CARE,2625 PIEDMONT RD.,ATLANTA,GA,404-239-9387,NET30,$0.00 ,$0.00 ,$580.64 
AZ7865IN,SARA KASINECZ,6239 E GLENCOVE CIR  APT 4,MESA,AZ,480-330-7865,CREDIT,$0.00 ,$0.00 ,$0.00 
CA8801IN,SASHA  JACKSON-ROSS,251 CADLONI LANE  B,VALLEJO,CA,707-720-8801,CREDIT,$0.00 ,$0.00 ,$44.44 
FL0643IN,SASSY SISTA'S BOUTIQUE,6302 BAYHILL LN,LONGWOOD,FL,407-383-0643,CREDIT,$0.00 ,$0.00 ,$81.26 
BA1727WN,SECOND STEP INC,BROAD STREET BRIDGETOWN,ST. MICHAEL,,246-622-1727,WIRE,$0.00 ,$0.00 ,
FL4933IN,SEW IN LOVE BEAUTY STUDIO,4515 N. W. 3RD COURT,PLANTATION,FL,954-288-4933,CREDIT,$0.00 ,$0.00 ,$0.00 
MD7958IN,SHAKIRAT  IBRAHIM,8603 GRAY FOX ROAD  APT  201,RANDALLSTOWN,MD,443-626-7958,CREDIT,$0.00 ,$0.00 ,$127.79 
SC1030DLRK,SHASA BEAUTY SUPPLY,1019 BROAD ST,SUMTER,SC,803-776-1030,CREDIT,$0.00 ,$0.00 ,"$1,204.98 "
GA0526IN,SHAWNTIQUE  FROST,1049 GREENDALE LANE,JONESBORO,GA,404-981-0526,CREDIT,$0.00 ,$0.00 ,$0.00 
FL3722IN,SHEAR ESSENCE WEAVE COLLEGE,6100 GREENLAND ROAD  STE 602,JACKSONVILL,FL,904-683-3722,CREDIT,$0.00 ,$0.00 ,$142.69 
ON5959WN,SHEKINA IMPORT & EXPORT,2 JODY AVE. UNIT B,NORTH YORK,ON,416-792-5282,CASH,$0.00 ,$0.00 ,"$1,600.94 "
TX7160RK,SHINE BEAUTY SUPPLY,"5011 HIGHWAY 6, STE #110",MISSOURI CITY,TX,281-261-7160,COD,$0.00 ,$0.00 ,"$1,672.00 "
TT5909WN,SIX A'Z TRADERS LIMITED,40 REALIZE JUNCTION RD.,PRINCE TOWN  TRINIDA,,868-655-5909,CREDIT,$0.00 ,$0.00 ,"$4,853.55 "
NC2869RK,SMILEY'S BEAUTY SUPPLY,2090 CLUB POND RD.,RAEFORD,NC,910-848-2380,NET30,"$1,039.38 ",$0.00 ,"$1,039.38 "
DC5066JMWK,SONG'S WHOLESALE,5015 LAWRENCE PL,HYATTSVILLE,MD,240-582-6991,NET30,"$6,556.86 ",$0.00 ,"$1,810.02 "
CA9461IN,SOTHEARA SIV,9063 SHERILL CT,STOCKTON,CA,2099929461,,$0.00 ,$0.00 ,$94.06 
KS0922RK,STAR BEAUTY  #1,4704 VIRGINIA   AVE.,KANSAS CITY,MO,913-888-0922 (K,CREDIT,$0.00 ,$29.10 ,($29.10)
KS09222RK,STAR BEAUTY #2,13300 W 87TH ST PKWY,LENEXA,KS,913-888-0922,CREDIT,$0.00 ,$0.00 ,$401.87 
MO5853RK,STAR BEAUTY #3,4201 S NOLAND RD SUITE K,INDEPENDENCE,MO,816-313-5853,CREDIT,$0.00 ,$0.00 ,$796.18 
TX8486RK,STAR BEAUTY SUPPLY,9460 N. MACARTHUR BLVD,IRVING,TX,972-444-8486,CREDIT,$0.00 ,$0.00 ,
GA0096HKIN,STEFFAN SPURGEON,3454 COACH CT,GAINESVILLE,GA,415-903-0096,CREDIT,$0.00 ,$0.00 ,$0.00 
GA5478HKWK,SUN 3 TRADING LLC.,3640BURNETTE PARK DR. SUITE#C,SUWANEE,GA,678-765-2104,NET60,"$133,926.17 ",$764.28 ,($370.98)
FL3414RW,SUNRISE CORPORATION,5019 NW 165TH ST.,MIAMI LAKES,FL,305-624-3414,COD,$0.00 ,$0.00 ,"$2,951.08 "
NC8440RK,SUPER BEAUTY WORLD,3615 SYCAMORE DAIRY RD.,FAYETTEVILLE,NC,910-826-8440,COD,"$1,704.87 ",$0.00 ,"$1,704.87 "
TN5031IN,TAMEEKA  LEDIARD,2921 OLD FRANKLIN RD  APT 1223,ANTIOCH,TN,347-762-5031,CREDIT,$0.00 ,$0.00 ,$0.00 
CT7264IN,TANISHA  GODBOLT,735 HIGH STREET,NAUGATUCK,CT,832-794-7264,CREDIT,$0.00 ,$0.00 ,
TEST,TEST,TEST,TEST,TE,TEST,CHECK,$0.00 ,$0.00 ,$0.00 
TX3626IN,TESTIMONIAL HAIR DESIGNS,816 S.  31ST  STREET,TEMPLE,TX,254-760-3626,CREDIT,$0.00 ,$0.00 ,
GA0000RK,THE ATTIC RESTAURENT,1344 WASHINGTON ST,CLARKESVILLE,GA,,CHECK,$0.00 ,$0.00 ,$137.50 
CA3003IN,THE BEAUTY HAVEN,14512 RUTLEDGE SQ.,SAN DIEGO,CA,858-583-3003,CREDIT,$0.00 ,$0.00 ,$74.33 
NY4951IN,THE HAIR HIVE,1413 FILLMORE AVENUE,BUFFALO,NY,716-310-4951,CREDIT,$0.00 ,$0.00 ,$238.00 
OH7930IN,THE HIVE,7123 QUAIL LAKES DRIVE,TOLEDO,OH,419-297-7930,CREDIT,$0.00 ,$0.00 ,$107.50 
TX0655IN,THE LYSANDER ELEMENT,518 COUNTY ROAD 2250,GRAPELAND,TX,936-581-0655,CREDIT,$0.00 ,$0.00 ,$129.00 
AR8252IN,THE PERFECT HAIR STORE,4107 B NIGHTINGALE LANE  ,SPRINGDALE,AR,479-361-8252,CREDIT,$0.00 ,$0.00 ,$94.49 
OK7283IN,THE RAVE HAIR SALON & BOUTIQUE,11009 N MILLER AVE,OKLAHOMA CITY,OK,405-942-7283,CREDIT,$0.00 ,$0.00 ,$111.75 
BM0177WN,THE SALON STORE,81 REID ST.,HAMILTON   HM12,,441-295-0177,WIRE,$0.00 ,$0.00 ,"$1,118.50 "
NC4002IN,THE STYLE LOUNGE,917 TRAIL EIGHT  APT B,BURLINGTON,NC,336-260-4002,CREDIT,$0.00 ,$0.00 ,$0.00 
CA6151RN,TIENDITA BEAUTY SUPPLY,8148 SEPULVEDA BLVD,PANORAMA CITY,CA,818-895-6151,CREDIT,$0.00 ,$0.00 ,"$1,040.00 "
TX0666IN,TIFFANEY SHINE,14006 LANCEOAK CT,HOUSTON,TX,281-449-0666,CREDIT,$0.00 ,$0.00 ,$49.76 
CA6602IN ,TINA DONALDSON,368 SPROWL CREEK ROAD,GARBERVILLE,CA,707-683-6602,CREDIT,$0.00 ,$0.00 ,$0.00 
MI9111RK,TNT BEAUTY SUPPLY,3518 E. MAIN ST.,KALAMAZOO,MI,269-388-9111,NET30,"$3,429.99 ",$0.00 ,"$2,110.08 "
MD9033IN,TOKS TOKS,9702 SOUTHALL RD  APT 202,RANDALLSTOWN,MD,667-203-9033,CREDIT,$0.00 ,$0.00 ,$0.00 
AL5421KR,TQ USA INC,-,,AL,334-730-5421,CHECK,$0.00 ,$0.00 ,"$1,440.00 "
NM6085RN,TRENDZ BEAUTY SUPPLY,3924 MENAUL BLVD,ALBUQUERQUE,NM,505-264-6085,CREDIT,$0.00 ,$0.00 ,"$2,039.54 "
OH0493IN,TRI-INDULGENCE BEAUTY,6321 JAMES ROUSE BLVD,CANAL WINCHESTER,OH,330-941-0493,CREDIT,$0.00 ,$0.00 ,$136.83 
OH4714IN,TRISHA  EDMOND,7881 KINGS RIDGE CIR,FAIRBORN,OH,4439554714,,$0.00 ,$0.00 ,$55.33 
NY5025IN,TYRA  DJIGAL,301 W  146 ST,NEW YORK,NY,917-517-5025,CREDIT,$0.00 ,$0.00 ,$167.53 
NV0027RN,TYS BEAUTY SUPPLY,4780 W  ANN RD  STE 2,NORTH LAS VEGAS,NV,702-696-0027 ,CREDIT,$0.00 ,$0.00 ,"$1,235.70 "
CA9254JMWK,UBS,7111 MCNEIL LN. SUITE #210,BUENA PARK,CA,714-356-9254,COD,"$1,917.00 ",$0.00 ,"$1,917.00 "
CA8949HKWK,UNI FASHION TRADING,1671 ROGERS AVE.,SAN JOSE,CA,408-436-8949,COD,"$14,307.20 ",$0.00 ,"$6,254.00 "
TX1616WK,"UNION SALES, INC.",7645 DASHWOOD DR.,HOUSTON,TX,713-781-1616,NET30,"$104,767.48 ",$0.00 ,"$104,767.48 "
GA0001JMWK,US IMPORT,3400 OAKCLIFF RD. SUITE #A7A,DORAVILLE,GA,770-455-0001,NET30,"$19,614.65 ",$0.00 ,"$1,502.42 "
NC0506DLWK,US TRADING,2115 N. GRAHAM ST.,CHARLOTTE,NC,704-375-0506,NET30,"$12,467.80 ",$0.00 ,$376.20 
FL5002DLWK,"USA BEAUTY CARE, INC.",2090 NW. 13TH  AVE,MIAMI,FL,305-548-5002,NET30,$0.00 ,$0.00 ,"$6,566.40 "
CA1852IN,VANESSA  HARRIS,333 EAST CT,SAN JOSE,CA,408-294-1852,CREDIT,$0.00 ,$0.00 ,$58.06 
NC3038IN,VENECIA LOWERY,915 S  AUSTIN RD,MARSHVILLE,NC,704-796-3038,CREDIT,$0.00 ,$0.00 ,$0.00 
CA2097IN,VICTOR COLBERT,920 BLUE STREET   APT. 3,MARYSVILLE,CA,901-634-2097,CREDIT,$0.00 ,$0.00 ,$62.06 
GA7349IN,VICTORIA BROWN,1015 JERNIGAN STREET  ,PERRY,GA,478-224-7349,CREDIT,$0.00 ,$0.00 ,$0.00 
TX4220RK,VIP BEAUTY SUPPLY,2000 9TH ST.,WICHITA FALLS,TX,940-761-4220,CREDIT,$0.00 ,$0.00 ,$0.00 
NC7363DL,WAKE BEAUTY,12227 CAPITAL BLVD,WAKE FOREST,NC,919-562-7363,NET30,"$2,334.90 ",$0.00 ,"$2,334.90 "
CO6586IN,WAYMAN  BANKS,10020 W 8TH  AVE,LAKEWOOD,CO,720-234-6586,CREDIT,$0.00 ,$0.00 ,$42.02 
IL9954IN,WAYNE CARTER,8029 S WENTWORTH AVE,CHICAGO,IL,,CREDIT,$0.00 ,$0.00 ,$46.10 
TX1314RK,WIGS & BEAUTY SUPPLIES,2200 W. PECAN ST,PFLUGERVILLE,TX,512-838-1314,COD,"$1,160.10 ",$10.80 ,"$1,160.10 "
TX6471IN,WILLIAMS BARBER COLLEGE,520 S WW WHITE RD,SAN ANTONIO,TX,210-337-6471,CREDIT,$0.00 ,$0.00 ,$392.08 
OK3334RK,WORLD BEAUTY MART,344 EAST SIDE BLVD,MUSKOGEE,OK,918-683-3334,CREDIT,$0.00 ,$0.00 ,$972.65 
GA9187HKWK,"WURI TRADING, INC.","3630 BURNETTE PARK DR., SUITE #C",SUWANEE,GA,470-266-1019,NET60,"$208,152.81 ","$1,402.20 ","$1,920.90 "
TX9999HKIN,YOLANDA BOYD,820 S MACARTHUR BLVD  105-161,COPPELL,TX,214-999-9999,CREDIT,$0.00 ,$0.00 ,$167.49 
GA9878JMWK,YOUNG'S TRADING,5730 BUFORD HWY,DORAVILLE,GA,770-936-9878,NET60,"$183,302.19 ",$68.40 ,"$8,646.90 "
TX6405IN,ZEBRENA  VAUGHN,435 SHADY ROCK LANE,HOUSTON,TX,281-923-6405,CREDIT,$0.00 ,$0.00 ,$92.89 
